"series","species","platform","gsm","geo_title","group","same_kidney_or_animal","geo_characteristics"
"GSE30718","human","GPL570","GSM761707","Acute kidney injury AKI 374A2AGX7","injury",NA,"diagnosis: Acute kidney injury AKI; tissue: kidney"
"GSE30718","human","GPL570","GSM761708","Acute kidney injury AKI 306A2AGX7","injury",NA,"diagnosis: Acute kidney injury AKI; tissue: kidney"
"GSE30718","human","GPL570","GSM761709","Acute kidney injury AKI 380A1AX13","injury",NA,"diagnosis: Acute kidney injury AKI; tissue: kidney"
"GSE30718","human","GPL570","GSM761710","Acute kidney injury AKI 95A2AGX7","injury",NA,"diagnosis: Acute kidney injury AKI; tissue: kidney"
"GSE30718","human","GPL570","GSM761711","Acute kidney injury AKI 220A3AGX7","injury",NA,"diagnosis: Acute kidney injury AKI; tissue: kidney"
"GSE30718","human","GPL570","GSM761712","Acute kidney injury AKI 513A2AGX7","injury",NA,"diagnosis: Acute kidney injury AKI; tissue: kidney"
"GSE30718","human","GPL570","GSM761713","Acute kidney injury AKI 255A4AGX7","injury",NA,"diagnosis: Acute kidney injury AKI; tissue: kidney"
"GSE30718","human","GPL570","GSM761714","Acute kidney injury AKI 397A3AGX7","injury",NA,"diagnosis: Acute kidney injury AKI; tissue: kidney"
"GSE30718","human","GPL570","GSM761715","Acute kidney injury AKI 289A1AGX8","injury",NA,"diagnosis: Acute kidney injury AKI; tissue: kidney"
"GSE30718","human","GPL570","GSM761716","Acute kidney injury AKI 82A4AGX7","injury",NA,"diagnosis: Acute kidney injury AKI; tissue: kidney"
"GSE30718","human","GPL570","GSM761717","Acute kidney injury AKI 281A2AGX7","injury",NA,"diagnosis: Acute kidney injury AKI; tissue: kidney"
"GSE30718","human","GPL570","GSM761718","Acute kidney injury AKI 332A2AGX7","injury",NA,"diagnosis: Acute kidney injury AKI; tissue: kidney"
"GSE30718","human","GPL570","GSM761719","Acute kidney injury AKI 337A2AGX7","injury",NA,"diagnosis: Acute kidney injury AKI; tissue: kidney"
"GSE30718","human","GPL570","GSM761720","Acute kidney injury AKI 338A2AGX7","injury",NA,"diagnosis: Acute kidney injury AKI; tissue: kidney"
"GSE30718","human","GPL570","GSM761721","Acute kidney injury AKI 366A2AGX7","injury",NA,"diagnosis: Acute kidney injury AKI; tissue: kidney"
"GSE30718","human","GPL570","GSM761722","Acute kidney injury AKI 406A2AGX7","injury",NA,"diagnosis: Acute kidney injury AKI; tissue: kidney"
"GSE30718","human","GPL570","GSM761723","Acute kidney injury AKI 116A4AGX7","injury",NA,"diagnosis: Acute kidney injury AKI; tissue: kidney"
"GSE30718","human","GPL570","GSM761724","Acute kidney injury AKI 292A2AGX7","injury",NA,"diagnosis: Acute kidney injury AKI; tissue: kidney"
"GSE30718","human","GPL570","GSM761725","Acute kidney injury AKI 72A3AGX9","injury",NA,"diagnosis: Acute kidney injury AKI; tissue: kidney"
"GSE30718","human","GPL570","GSM761726","Acute kidney injury AKI 128A4AGX7","injury",NA,"diagnosis: Acute kidney injury AKI; tissue: kidney"
"GSE30718","human","GPL570","GSM761727","Acute kidney injury AKI 126A4AGX7","injury",NA,"diagnosis: Acute kidney injury AKI; tissue: kidney"
"GSE30718","human","GPL570","GSM761729","Acute kidney injury AKI 49A1AGX7","injury",NA,"diagnosis: Acute kidney injury AKI; tissue: kidney"
"GSE30718","human","GPL570","GSM761730","Acute kidney injury AKI 47A1AGX7","injury",NA,"diagnosis: Acute kidney injury AKI; tissue: kidney"
"GSE30718","human","GPL570","GSM761731","Acute kidney injury AKI 24A1AGX7","injury",NA,"diagnosis: Acute kidney injury AKI; tissue: kidney"
"GSE30718","human","GPL570","GSM761732","Acute kidney injury AKI 60A2AGX7","injury",NA,"diagnosis: Acute kidney injury AKI; tissue: kidney"
"GSE30718","human","GPL570","GSM761733","Acute kidney injury AKI 56A1AGX7","injury",NA,"diagnosis: Acute kidney injury AKI; tissue: kidney"
"GSE30718","human","GPL570","GSM761743","pristine protocol biopsy pPB1","reference",NA,"diagnosis: pristine protocol biopsy; tissue: kidney"
"GSE30718","human","GPL570","GSM761744","pristine protocol biopsy pPB2","reference",NA,"diagnosis: pristine protocol biopsy; tissue: kidney"
"GSE30718","human","GPL570","GSM761745","pristine protocol biopsy pPB3","reference",NA,"diagnosis: pristine protocol biopsy; tissue: kidney"
"GSE30718","human","GPL570","GSM761746","pristine protocol biopsy pPB4","reference",NA,"diagnosis: pristine protocol biopsy; tissue: kidney"
"GSE30718","human","GPL570","GSM761747","pristine protocol biopsy pPB5","reference",NA,"diagnosis: pristine protocol biopsy; tissue: kidney"
"GSE30718","human","GPL570","GSM761748","pristine protocol biopsy pPB6","reference",NA,"diagnosis: pristine protocol biopsy; tissue: kidney"
"GSE30718","human","GPL570","GSM761749","pristine protocol biopsy pPB7","reference",NA,"diagnosis: pristine protocol biopsy; tissue: kidney"
"GSE30718","human","GPL570","GSM761750","pristine protocol biopsy pPB8","reference",NA,"diagnosis: pristine protocol biopsy; tissue: kidney"
"GSE30718","human","GPL570","GSM761751","pristine protocol biopsy pPB9","reference",NA,"diagnosis: pristine protocol biopsy; tissue: kidney"
"GSE30718","human","GPL570","GSM761752","pristine protocol biopsy pPB10","reference",NA,"diagnosis: pristine protocol biopsy; tissue: kidney"
"GSE30718","human","GPL570","GSM761753","pristine protocol biopsy pPB11","reference",NA,"diagnosis: pristine protocol biopsy; tissue: kidney"
"GSE43974","human","GPL10558","GSM1075189","Kidney_donor_BD_T3_1","injury","DBD_51","tissue: kidney biopsy; donor type (0=living, 1=bd, 2=nhb): 1; timepoint biopsy: 3; deceased paired biopsies: 3; delayed graft function (0=no, 1=yes): 1"
"GSE43974","human","GPL10558","GSM1075190","Kidney_donor_DCD_T3_1","injury",NA,"tissue: kidney biopsy; donor type (0=living, 1=bd, 2=nhb): 2; timepoint biopsy: 3; deceased unpaired biopsies: 1; delayed graft function (0=no, 1=yes): 1"
"GSE43974","human","GPL10558","GSM1075193","Kidney_donor_BD_T3_2","injury","DBD_18","tissue: kidney biopsy; donor type (0=living, 1=bd, 2=nhb): 1; timepoint biopsy: 3; deceased paired biopsies: 3; delayed graft function (0=no, 1=yes): 0"
"GSE43974","human","GPL10558","GSM1075194","Kidney_donor_DCD_T2_1","reference",NA,"tissue: kidney biopsy; donor type (0=living, 1=bd, 2=nhb): 2; timepoint biopsy: 2; deceased unpaired biopsies: 1; delayed graft function (0=no, 1=yes): 1"
"GSE43974","human","GPL10558","GSM1075195","Kidney_donor_BD_T2_1","reference",NA,"tissue: kidney biopsy; donor type (0=living, 1=bd, 2=nhb): 1; timepoint biopsy: 2; deceased unpaired biopsies: 1; delayed graft function (0=no, 1=yes): 1"
"GSE43974","human","GPL10558","GSM1075196","Kidney_donor_BD_T2_2","reference","DBD_01","tissue: kidney biopsy; donor type (0=living, 1=bd, 2=nhb): 1; timepoint biopsy: 2; deceased paired biopsies: 2; delayed graft function (0=no, 1=yes): 0"
"GSE43974","human","GPL10558","GSM1075197","Kidney_donor_BD_T2_3","reference","DBD_02","tissue: kidney biopsy; donor type (0=living, 1=bd, 2=nhb): 1; timepoint biopsy: 2; deceased paired biopsies: 2; delayed graft function (0=no, 1=yes): 0"
"GSE43974","human","GPL10558","GSM1075198","Kidney_donor_BD_T3_3","injury","DBD_67","tissue: kidney biopsy; donor type (0=living, 1=bd, 2=nhb): 1; timepoint biopsy: 3; deceased paired biopsies: 3; delayed graft function (0=no, 1=yes): 0"
"GSE43974","human","GPL10558","GSM1075200","Kidney_donor_DCD_T2_2","reference","DCD_01","tissue: kidney biopsy; donor type (0=living, 1=bd, 2=nhb): 2; timepoint biopsy: 2; deceased paired biopsies: 2; delayed graft function (0=no, 1=yes): 1"
"GSE43974","human","GPL10558","GSM1075204","Kidney_donor_DCD_T3_2","injury","DCD_09","tissue: kidney biopsy; donor type (0=living, 1=bd, 2=nhb): 2; timepoint biopsy: 3; deceased paired biopsies: 3; delayed graft function (0=no, 1=yes): 1"
"GSE43974","human","GPL10558","GSM1075206","Kidney_donor_DCD_T2_3","reference","DCD_02","tissue: kidney biopsy; donor type (0=living, 1=bd, 2=nhb): 2; timepoint biopsy: 2; deceased paired biopsies: 2; delayed graft function (0=no, 1=yes): 0"
"GSE43974","human","GPL10558","GSM1075210","Kidney_donor_BD_T3_4","injury","DBD_35","tissue: kidney biopsy; donor type (0=living, 1=bd, 2=nhb): 1; timepoint biopsy: 3; deceased paired biopsies: 3; delayed graft function (0=no, 1=yes): 0"
"GSE43974","human","GPL10558","GSM1075212","Kidney_donor_DCD_T3_3","injury","DCD_18","tissue: kidney biopsy; donor type (0=living, 1=bd, 2=nhb): 2; timepoint biopsy: 3; deceased paired biopsies: 3; delayed graft function (0=no, 1=yes): 1"
"GSE43974","human","GPL10558","GSM1075213","Kidney_donor_BD_T3_5","injury","DBD_61","tissue: kidney biopsy; donor type (0=living, 1=bd, 2=nhb): 1; timepoint biopsy: 3; deceased paired biopsies: 3; delayed graft function (0=no, 1=yes): 1"
"GSE43974","human","GPL10558","GSM1075215","Kidney_donor_BD_T2_4","reference",NA,"tissue: kidney biopsy; donor type (0=living, 1=bd, 2=nhb): 1; timepoint biopsy: 2; deceased unpaired biopsies: 1; delayed graft function (0=no, 1=yes): 0"
"GSE43974","human","GPL10558","GSM1075216","Kidney_donor_DCD_T2_4","reference","DCD_03","tissue: kidney biopsy; donor type (0=living, 1=bd, 2=nhb): 2; timepoint biopsy: 2; deceased paired biopsies: 2; delayed graft function (0=no, 1=yes): 1"
"GSE43974","human","GPL10558","GSM1075220","Kidney_donor_BD_T2_5","reference",NA,"tissue: kidney biopsy; donor type (0=living, 1=bd, 2=nhb): 1; timepoint biopsy: 2; deceased unpaired biopsies: 1; delayed graft function (0=no, 1=yes): 1"
"GSE43974","human","GPL10558","GSM1075222","Kidney_donor_BD_T2_6","reference",NA,"tissue: kidney biopsy; donor type (0=living, 1=bd, 2=nhb): 1; timepoint biopsy: 2; deceased unpaired biopsies: 1; delayed graft function (0=no, 1=yes): 0"
"GSE43974","human","GPL10558","GSM1075225","Kidney_donor_BD_T3_6","injury","DBD_60","tissue: kidney biopsy; donor type (0=living, 1=bd, 2=nhb): 1; timepoint biopsy: 3; deceased paired biopsies: 3; delayed graft function (0=no, 1=yes): 0"
"GSE43974","human","GPL10558","GSM1075226","Kidney_donor_DCD_T3_4","injury","DCD_15","tissue: kidney biopsy; donor type (0=living, 1=bd, 2=nhb): 2; timepoint biopsy: 3; deceased paired biopsies: 3; delayed graft function (0=no, 1=yes): 0"
"GSE43974","human","GPL10558","GSM1075227","Kidney_donor_DCD_T2_5","reference","DCD_04","tissue: kidney biopsy; donor type (0=living, 1=bd, 2=nhb): 2; timepoint biopsy: 2; deceased paired biopsies: 2; delayed graft function (0=no, 1=yes): 1"
"GSE43974","human","GPL10558","GSM1075228","Kidney_donor_BD_T2_7","reference",NA,"tissue: kidney biopsy; donor type (0=living, 1=bd, 2=nhb): 1; timepoint biopsy: 2; deceased unpaired biopsies: 1; delayed graft function (0=no, 1=yes): 0"
"GSE43974","human","GPL10558","GSM1075229","Kidney_donor_BD_T3_7","injury",NA,"tissue: kidney biopsy; donor type (0=living, 1=bd, 2=nhb): 1; timepoint biopsy: 3; deceased unpaired biopsies: 1; delayed graft function (0=no, 1=yes): 0"
"GSE43974","human","GPL10558","GSM1075230","Kidney_donor_BD_T3_8","injury","DBD_27","tissue: kidney biopsy; donor type (0=living, 1=bd, 2=nhb): 1; timepoint biopsy: 3; deceased paired biopsies: 3; delayed graft function (0=no, 1=yes): 0"
"GSE43974","human","GPL10558","GSM1075231","Kidney_donor_BD_T2_8","reference","DBD_03","tissue: kidney biopsy; donor type (0=living, 1=bd, 2=nhb): 1; timepoint biopsy: 2; deceased paired biopsies: 2; delayed graft function (0=no, 1=yes): 0"
"GSE43974","human","GPL10558","GSM1075232","Kidney_donor_DCD_T2_6","reference","DCD_05","tissue: kidney biopsy; donor type (0=living, 1=bd, 2=nhb): 2; timepoint biopsy: 2; deceased paired biopsies: 2; delayed graft function (0=no, 1=yes): 1"
"GSE43974","human","GPL10558","GSM1075233","Kidney_donor_DCD_T2_7","reference",NA,"tissue: kidney biopsy; donor type (0=living, 1=bd, 2=nhb): 2; timepoint biopsy: 2; deceased unpaired biopsies: 1; delayed graft function (0=no, 1=yes): 0"
"GSE43974","human","GPL10558","GSM1075236","Kidney_donor_BD_T2_9","reference","DBD_04","tissue: kidney biopsy; donor type (0=living, 1=bd, 2=nhb): 1; timepoint biopsy: 2; deceased paired biopsies: 2; delayed graft function (0=no, 1=yes): 1"
"GSE43974","human","GPL10558","GSM1075237","Kidney_donor_DCD_T3_5","injury","DCD_13","tissue: kidney biopsy; donor type (0=living, 1=bd, 2=nhb): 2; timepoint biopsy: 3; deceased paired biopsies: 3; delayed graft function (0=no, 1=yes): 1"
"GSE43974","human","GPL10558","GSM1075238","Kidney_donor_BD_T3_9","injury",NA,"tissue: kidney biopsy; donor type (0=living, 1=bd, 2=nhb): 1; timepoint biopsy: 3; deceased unpaired biopsies: 1; delayed graft function (0=no, 1=yes): 0"
"GSE43974","human","GPL10558","GSM1075239","Kidney_donor_BD_T2_10","reference",NA,"tissue: kidney biopsy; donor type (0=living, 1=bd, 2=nhb): 1; timepoint biopsy: 2; deceased unpaired biopsies: 1; delayed graft function (0=no, 1=yes): 0"
"GSE43974","human","GPL10558","GSM1075240","Kidney_donor_DCD_T3_6","injury","DCD_24","tissue: kidney biopsy; donor type (0=living, 1=bd, 2=nhb): 2; timepoint biopsy: 3; deceased paired biopsies: 3; delayed graft function (0=no, 1=yes): 0"
"GSE43974","human","GPL10558","GSM1075241","Kidney_donor_BD_T2_11","reference","DBD_05","tissue: kidney biopsy; donor type (0=living, 1=bd, 2=nhb): 1; timepoint biopsy: 2; deceased paired biopsies: 2; delayed graft function (0=no, 1=yes): 1"
"GSE43974","human","GPL10558","GSM1075244","Kidney_donor_BD_T3_10","injury",NA,"tissue: kidney biopsy; donor type (0=living, 1=bd, 2=nhb): 1; timepoint biopsy: 3; deceased unpaired biopsies: 1; delayed graft function (0=no, 1=yes): 0"
"GSE43974","human","GPL10558","GSM1075246","Kidney_donor_BD_T2_12","reference",NA,"tissue: kidney biopsy; donor type (0=living, 1=bd, 2=nhb): 1; timepoint biopsy: 2; deceased unpaired biopsies: 1; delayed graft function (0=no, 1=yes): 1"
"GSE43974","human","GPL10558","GSM1075248","Kidney_donor_BD_T3_11","injury","DBD_38","tissue: kidney biopsy; donor type (0=living, 1=bd, 2=nhb): 1; timepoint biopsy: 3; deceased paired biopsies: 3; delayed graft function (0=no, 1=yes): 0"
"GSE43974","human","GPL10558","GSM1075249","Kidney_donor_BD_T3_12","injury","DBD_66","tissue: kidney biopsy; donor type (0=living, 1=bd, 2=nhb): 1; timepoint biopsy: 3; deceased paired biopsies: 3; delayed graft function (0=no, 1=yes): 0"
"GSE43974","human","GPL10558","GSM1075250","Kidney_donor_BD_T2_13","reference",NA,"tissue: kidney biopsy; donor type (0=living, 1=bd, 2=nhb): 1; timepoint biopsy: 2; deceased unpaired biopsies: 1; delayed graft function (0=no, 1=yes): 0"
"GSE43974","human","GPL10558","GSM1075251","Kidney_donor_DCD_T3_7","injury","DCD_04","tissue: kidney biopsy; donor type (0=living, 1=bd, 2=nhb): 2; timepoint biopsy: 3; deceased paired biopsies: 3; delayed graft function (0=no, 1=yes): 1"
"GSE43974","human","GPL10558","GSM1075254","Kidney_donor_DCD_T2_8","reference",NA,"tissue: kidney biopsy; donor type (0=living, 1=bd, 2=nhb): 2; timepoint biopsy: 2; deceased unpaired biopsies: 1; delayed graft function (0=no, 1=yes): 0"
"GSE43974","human","GPL10558","GSM1075255","Kidney_donor_BD_T2_14","reference",NA,"tissue: kidney biopsy; donor type (0=living, 1=bd, 2=nhb): 1; timepoint biopsy: 2; deceased unpaired biopsies: 1; delayed graft function (0=no, 1=yes): 0"
"GSE43974","human","GPL10558","GSM1075257","Kidney_donor_BD_T3_13","injury","DBD_02","tissue: kidney biopsy; donor type (0=living, 1=bd, 2=nhb): 1; timepoint biopsy: 3; deceased paired biopsies: 3; delayed graft function (0=no, 1=yes): 0"
"GSE43974","human","GPL10558","GSM1075258","Kidney_donor_DCD_T3_8","injury","DCD_08","tissue: kidney biopsy; donor type (0=living, 1=bd, 2=nhb): 2; timepoint biopsy: 3; deceased paired biopsies: 3; delayed graft function (0=no, 1=yes): 1"
"GSE43974","human","GPL10558","GSM1075259","Kidney_donor_BD_T2_15","reference",NA,"tissue: kidney biopsy; donor type (0=living, 1=bd, 2=nhb): 1; timepoint biopsy: 2; deceased unpaired biopsies: 1; delayed graft function (0=no, 1=yes): 0"
"GSE43974","human","GPL10558","GSM1075261","Kidney_donor_BD_T2_16","reference","DBD_06","tissue: kidney biopsy; donor type (0=living, 1=bd, 2=nhb): 1; timepoint biopsy: 2; deceased paired biopsies: 2; delayed graft function (0=no, 1=yes): 0"
"GSE43974","human","GPL10558","GSM1075262","Kidney_donor_DCD_T2_9","reference","DCD_06","tissue: kidney biopsy; donor type (0=living, 1=bd, 2=nhb): 2; timepoint biopsy: 2; deceased paired biopsies: 2; delayed graft function (0=no, 1=yes): 1"
"GSE43974","human","GPL10558","GSM1075263","Kidney_donor_DCD_T3_9","injury",NA,"tissue: kidney biopsy; donor type (0=living, 1=bd, 2=nhb): 2; timepoint biopsy: 3; deceased unpaired biopsies: 1; delayed graft function (0=no, 1=yes): 1"
"GSE43974","human","GPL10558","GSM1075265","Kidney_donor_DCD_T2_10","reference",NA,"tissue: kidney biopsy; donor type (0=living, 1=bd, 2=nhb): 2; timepoint biopsy: 2; deceased unpaired biopsies: 1; delayed graft function (0=no, 1=yes): 0"
"GSE43974","human","GPL10558","GSM1075267","Kidney_donor_BD_T3_14","injury",NA,"tissue: kidney biopsy; donor type (0=living, 1=bd, 2=nhb): 1; timepoint biopsy: 3; deceased unpaired biopsies: 1; delayed graft function (0=no, 1=yes): 1"
"GSE43974","human","GPL10558","GSM1075269","Kidney_donor_BD_T2_17","reference","DBD_07","tissue: kidney biopsy; donor type (0=living, 1=bd, 2=nhb): 1; timepoint biopsy: 2; deceased paired biopsies: 2; delayed graft function (0=no, 1=yes): 0"
"GSE43974","human","GPL10558","GSM1075271","Kidney_donor_BD_T2_18","reference",NA,"tissue: kidney biopsy; donor type (0=living, 1=bd, 2=nhb): 1; timepoint biopsy: 2; deceased unpaired biopsies: 1; delayed graft function (0=no, 1=yes): 0"
"GSE43974","human","GPL10558","GSM1075273","Kidney_donor_BD_T3_15","injury","DBD_07","tissue: kidney biopsy; donor type (0=living, 1=bd, 2=nhb): 1; timepoint biopsy: 3; deceased paired biopsies: 3; delayed graft function (0=no, 1=yes): 0"
"GSE43974","human","GPL10558","GSM1075274","Kidney_donor_BD_T2_19","reference","DBD_08","tissue: kidney biopsy; donor type (0=living, 1=bd, 2=nhb): 1; timepoint biopsy: 2; deceased paired biopsies: 2; delayed graft function (0=no, 1=yes): 0"
"GSE43974","human","GPL10558","GSM1075276","Kidney_donor_DCD_T3_10","injury","DCD_10","tissue: kidney biopsy; donor type (0=living, 1=bd, 2=nhb): 2; timepoint biopsy: 3; deceased paired biopsies: 3; delayed graft function (0=no, 1=yes): 1"
"GSE43974","human","GPL10558","GSM1075277","Kidney_donor_BD_T3_16","injury",NA,"tissue: kidney biopsy; donor type (0=living, 1=bd, 2=nhb): 1; timepoint biopsy: 3; deceased unpaired biopsies: 1; delayed graft function (0=no, 1=yes): 0"
"GSE43974","human","GPL10558","GSM1075278","Kidney_donor_DCD_T2_11","reference","DCD_07","tissue: kidney biopsy; donor type (0=living, 1=bd, 2=nhb): 2; timepoint biopsy: 2; deceased paired biopsies: 2; delayed graft function (0=no, 1=yes): 1"
"GSE43974","human","GPL10558","GSM1075279","Kidney_donor_BD_T3_17","injury","DBD_43","tissue: kidney biopsy; donor type (0=living, 1=bd, 2=nhb): 1; timepoint biopsy: 3; deceased paired biopsies: 3; delayed graft function (0=no, 1=yes): 0"
"GSE43974","human","GPL10558","GSM1075281","Kidney_donor_BD_T3_18","injury","DBD_20","tissue: kidney biopsy; donor type (0=living, 1=bd, 2=nhb): 1; timepoint biopsy: 3; deceased paired biopsies: 3; delayed graft function (0=no, 1=yes): 1"
"GSE43974","human","GPL10558","GSM1075283","Kidney_donor_BD_T2_20","reference","DBD_09","tissue: kidney biopsy; donor type (0=living, 1=bd, 2=nhb): 1; timepoint biopsy: 2; deceased paired biopsies: 2; delayed graft function (0=no, 1=yes): 0"
"GSE43974","human","GPL10558","GSM1075288","Kidney_donor_BD_T2_21","reference","DBD_10","tissue: kidney biopsy; donor type (0=living, 1=bd, 2=nhb): 1; timepoint biopsy: 2; deceased paired biopsies: 2; delayed graft function (0=no, 1=yes): 1"
"GSE43974","human","GPL10558","GSM1075290","Kidney_donor_BD_T3_19","injury",NA,"tissue: kidney biopsy; donor type (0=living, 1=bd, 2=nhb): 1; timepoint biopsy: 3; deceased unpaired biopsies: 1; delayed graft function (0=no, 1=yes): 0"
"GSE43974","human","GPL10558","GSM1075294","Kidney_donor_DCD_T2_12","reference","DCD_08","tissue: kidney biopsy; donor type (0=living, 1=bd, 2=nhb): 2; timepoint biopsy: 2; deceased paired biopsies: 2; delayed graft function (0=no, 1=yes): 1"
"GSE43974","human","GPL10558","GSM1075295","Kidney_donor_BD_T3_20","injury",NA,"tissue: kidney biopsy; donor type (0=living, 1=bd, 2=nhb): 1; timepoint biopsy: 3; deceased unpaired biopsies: 1; delayed graft function (0=no, 1=yes): 0"
"GSE43974","human","GPL10558","GSM1075296","Kidney_donor_BD_T2_22","reference","DBD_11","tissue: kidney biopsy; donor type (0=living, 1=bd, 2=nhb): 1; timepoint biopsy: 2; deceased paired biopsies: 2; delayed graft function (0=no, 1=yes): 1"
"GSE43974","human","GPL10558","GSM1075299","Kidney_donor_DCD_T2_13","reference",NA,"tissue: kidney biopsy; donor type (0=living, 1=bd, 2=nhb): 2; timepoint biopsy: 2; deceased unpaired biopsies: 1; delayed graft function (0=no, 1=yes): 0"
"GSE43974","human","GPL10558","GSM1075301","Kidney_donor_BD_T3_21","injury","DBD_48","tissue: kidney biopsy; donor type (0=living, 1=bd, 2=nhb): 1; timepoint biopsy: 3; deceased paired biopsies: 3; delayed graft function (0=no, 1=yes): 1"
"GSE43974","human","GPL10558","GSM1075304","Kidney_donor_BD_T3_22","injury","DBD_16","tissue: kidney biopsy; donor type (0=living, 1=bd, 2=nhb): 1; timepoint biopsy: 3; deceased paired biopsies: 3; delayed graft function (0=no, 1=yes): 1"
"GSE43974","human","GPL10558","GSM1075309","Kidney_donor_DCD_T3_11","injury",NA,"tissue: kidney biopsy; donor type (0=living, 1=bd, 2=nhb): 2; timepoint biopsy: 3; deceased unpaired biopsies: 1; delayed graft function (0=no, 1=yes): 0"
"GSE43974","human","GPL10558","GSM1075311","Kidney_donor_DCD_T2_14","reference","DCD_09","tissue: kidney biopsy; donor type (0=living, 1=bd, 2=nhb): 2; timepoint biopsy: 2; deceased paired biopsies: 2; delayed graft function (0=no, 1=yes): 1"
"GSE43974","human","GPL10558","GSM1075312","Kidney_donor_BD_T2_23","reference",NA,"tissue: kidney biopsy; donor type (0=living, 1=bd, 2=nhb): 1; timepoint biopsy: 2; deceased unpaired biopsies: 1; delayed graft function (0=no, 1=yes): 0"
"GSE43974","human","GPL10558","GSM1075313","Kidney_donor_DCD_T3_12","injury",NA,"tissue: kidney biopsy; donor type (0=living, 1=bd, 2=nhb): 2; timepoint biopsy: 3; deceased unpaired biopsies: 1; delayed graft function (0=no, 1=yes): 1"
"GSE43974","human","GPL10558","GSM1075314","Kidney_donor_DCD_T2_15","reference",NA,"tissue: kidney biopsy; donor type (0=living, 1=bd, 2=nhb): 2; timepoint biopsy: 2; deceased unpaired biopsies: 1; delayed graft function (0=no, 1=yes): 1"
"GSE43974","human","GPL10558","GSM1075315","Kidney_donor_BD_T2_24","reference","DBD_12","tissue: kidney biopsy; donor type (0=living, 1=bd, 2=nhb): 1; timepoint biopsy: 2; deceased paired biopsies: 2; delayed graft function (0=no, 1=yes): 0"
"GSE43974","human","GPL10558","GSM1075316","Kidney_donor_BD_T2_25","reference",NA,"tissue: kidney biopsy; donor type (0=living, 1=bd, 2=nhb): 1; timepoint biopsy: 2; deceased unpaired biopsies: 1; delayed graft function (0=no, 1=yes): 0"
"GSE43974","human","GPL10558","GSM1075317","Kidney_donor_BD_T3_23","injury","DBD_34","tissue: kidney biopsy; donor type (0=living, 1=bd, 2=nhb): 1; timepoint biopsy: 3; deceased paired biopsies: 3; delayed graft function (0=no, 1=yes): 0"
"GSE43974","human","GPL10558","GSM1075320","Kidney_donor_BD_T2_26","reference","DBD_13","tissue: kidney biopsy; donor type (0=living, 1=bd, 2=nhb): 1; timepoint biopsy: 2; deceased paired biopsies: 2; delayed graft function (0=no, 1=yes): 0"
"GSE43974","human","GPL10558","GSM1075323","Kidney_donor_BD_T2_27","reference","DBD_14","tissue: kidney biopsy; donor type (0=living, 1=bd, 2=nhb): 1; timepoint biopsy: 2; deceased paired biopsies: 2; delayed graft function (0=no, 1=yes): 0"
"GSE43974","human","GPL10558","GSM1075324","Kidney_donor_BD_T2_28","reference","DBD_15","tissue: kidney biopsy; donor type (0=living, 1=bd, 2=nhb): 1; timepoint biopsy: 2; deceased paired biopsies: 2; delayed graft function (0=no, 1=yes): 0"
"GSE43974","human","GPL10558","GSM1075326","Kidney_donor_DCD_T2_16","reference","DCD_10","tissue: kidney biopsy; donor type (0=living, 1=bd, 2=nhb): 2; timepoint biopsy: 2; deceased paired biopsies: 2; delayed graft function (0=no, 1=yes): 1"
"GSE43974","human","GPL10558","GSM1075331","Kidney_donor_BD_T2_29","reference","DBD_16","tissue: kidney biopsy; donor type (0=living, 1=bd, 2=nhb): 1; timepoint biopsy: 2; deceased paired biopsies: 2; delayed graft function (0=no, 1=yes): 1"
"GSE43974","human","GPL10558","GSM1075332","Kidney_donor_DCD_T2_17","reference",NA,"tissue: kidney biopsy; donor type (0=living, 1=bd, 2=nhb): 2; timepoint biopsy: 2; deceased unpaired biopsies: 1; delayed graft function (0=no, 1=yes): 1"
"GSE43974","human","GPL10558","GSM1075334","Kidney_donor_BD_T2_30","reference",NA,"tissue: kidney biopsy; donor type (0=living, 1=bd, 2=nhb): 1; timepoint biopsy: 2; deceased unpaired biopsies: 1; delayed graft function (0=no, 1=yes): 0"
"GSE43974","human","GPL10558","GSM1075341","Kidney_donor_DCD_T3_13","injury",NA,"tissue: kidney biopsy; donor type (0=living, 1=bd, 2=nhb): 2; timepoint biopsy: 3; deceased unpaired biopsies: 1; delayed graft function (0=no, 1=yes): 0"
"GSE43974","human","GPL10558","GSM1075342","Kidney_donor_BD_T3_24","injury","DBD_09","tissue: kidney biopsy; donor type (0=living, 1=bd, 2=nhb): 1; timepoint biopsy: 3; deceased paired biopsies: 3; delayed graft function (0=no, 1=yes): 0"
"GSE43974","human","GPL10558","GSM1075343","Kidney_donor_BD_T2_31","reference","DBD_17","tissue: kidney biopsy; donor type (0=living, 1=bd, 2=nhb): 1; timepoint biopsy: 2; deceased paired biopsies: 2; delayed graft function (0=no, 1=yes): 0"
"GSE43974","human","GPL10558","GSM1075345","Kidney_donor_DCD_T2_18","reference","DCD_11","tissue: kidney biopsy; donor type (0=living, 1=bd, 2=nhb): 2; timepoint biopsy: 2; deceased paired biopsies: 2; delayed graft function (0=no, 1=yes): 1"
"GSE43974","human","GPL10558","GSM1075346","Kidney_donor_DCD_T3_14","injury",NA,"tissue: kidney biopsy; donor type (0=living, 1=bd, 2=nhb): 2; timepoint biopsy: 3; deceased unpaired biopsies: 1; delayed graft function (0=no, 1=yes): 1"
"GSE43974","human","GPL10558","GSM1075347","Kidney_donor_DCD_T2_19","reference",NA,"tissue: kidney biopsy; donor type (0=living, 1=bd, 2=nhb): 2; timepoint biopsy: 2; deceased unpaired biopsies: 1; delayed graft function (0=no, 1=yes): 1"
"GSE43974","human","GPL10558","GSM1075348","Kidney_donor_DCD_T3_15","injury","DCD_20","tissue: kidney biopsy; donor type (0=living, 1=bd, 2=nhb): 2; timepoint biopsy: 3; deceased paired biopsies: 3; delayed graft function (0=no, 1=yes): 0"
"GSE43974","human","GPL10558","GSM1075349","Kidney_donor_BD_T2_32","reference","DBD_18","tissue: kidney biopsy; donor type (0=living, 1=bd, 2=nhb): 1; timepoint biopsy: 2; deceased paired biopsies: 2; delayed graft function (0=no, 1=yes): 0"
"GSE43974","human","GPL10558","GSM1075350","Kidney_donor_DCD_T3_16","injury",NA,"tissue: kidney biopsy; donor type (0=living, 1=bd, 2=nhb): 2; timepoint biopsy: 3; deceased unpaired biopsies: 1; delayed graft function (0=no, 1=yes): 1"
"GSE43974","human","GPL10558","GSM1075351","Kidney_donor_BD_T3_25","injury","DBD_06","tissue: kidney biopsy; donor type (0=living, 1=bd, 2=nhb): 1; timepoint biopsy: 3; deceased paired biopsies: 3; delayed graft function (0=no, 1=yes): 0"
"GSE43974","human","GPL10558","GSM1075352","Kidney_donor_BD_T2_33","reference","DBD_19","tissue: kidney biopsy; donor type (0=living, 1=bd, 2=nhb): 1; timepoint biopsy: 2; deceased paired biopsies: 2; delayed graft function (0=no, 1=yes): 0"
"GSE43974","human","GPL10558","GSM1075353","Kidney_donor_BD_T2_34","reference","DBD_20","tissue: kidney biopsy; donor type (0=living, 1=bd, 2=nhb): 1; timepoint biopsy: 2; deceased paired biopsies: 2; delayed graft function (0=no, 1=yes): 1"
"GSE43974","human","GPL10558","GSM1075354","Kidney_donor_DCD_T3_17","injury","DCD_03","tissue: kidney biopsy; donor type (0=living, 1=bd, 2=nhb): 2; timepoint biopsy: 3; deceased paired biopsies: 3; delayed graft function (0=no, 1=yes): 1"
"GSE43974","human","GPL10558","GSM1075356","Kidney_donor_BD_T3_26","injury",NA,"tissue: kidney biopsy; donor type (0=living, 1=bd, 2=nhb): 1; timepoint biopsy: 3; deceased unpaired biopsies: 1; delayed graft function (0=no, 1=yes): 0"
"GSE43974","human","GPL10558","GSM1075357","Kidney_donor_BD_T2_35","reference","DBD_21","tissue: kidney biopsy; donor type (0=living, 1=bd, 2=nhb): 1; timepoint biopsy: 2; deceased paired biopsies: 2; delayed graft function (0=no, 1=yes): 0"
"GSE43974","human","GPL10558","GSM1075359","Kidney_donor_BD_T3_27","injury","DBD_40","tissue: kidney biopsy; donor type (0=living, 1=bd, 2=nhb): 1; timepoint biopsy: 3; deceased paired biopsies: 3; delayed graft function (0=no, 1=yes): 1"
"GSE43974","human","GPL10558","GSM1075360","Kidney_donor_BD_T2_36","reference",NA,"tissue: kidney biopsy; donor type (0=living, 1=bd, 2=nhb): 1; timepoint biopsy: 2; deceased unpaired biopsies: 1; delayed graft function (0=no, 1=yes): 1"
"GSE43974","human","GPL10558","GSM1075363","Kidney_donor_DCD_T2_20","reference","DCD_12","tissue: kidney biopsy; donor type (0=living, 1=bd, 2=nhb): 2; timepoint biopsy: 2; deceased paired biopsies: 2; delayed graft function (0=no, 1=yes): 1"
"GSE43974","human","GPL10558","GSM1075364","Kidney_donor_DCD_T3_18","injury",NA,"tissue: kidney biopsy; donor type (0=living, 1=bd, 2=nhb): 2; timepoint biopsy: 3; deceased unpaired biopsies: 1; delayed graft function (0=no, 1=yes): 1"
"GSE43974","human","GPL10558","GSM1075367","Kidney_donor_BD_T2_37","reference",NA,"tissue: kidney biopsy; donor type (0=living, 1=bd, 2=nhb): 1; timepoint biopsy: 2; deceased unpaired biopsies: 1; delayed graft function (0=no, 1=yes): 0"
"GSE43974","human","GPL10558","GSM1075368","Kidney_donor_BD_T3_28","injury",NA,"tissue: kidney biopsy; donor type (0=living, 1=bd, 2=nhb): 1; timepoint biopsy: 3; deceased unpaired biopsies: 1; delayed graft function (0=no, 1=yes): 0"
"GSE43974","human","GPL10558","GSM1075372","Kidney_donor_BD_T3_29","injury","DBD_64","tissue: kidney biopsy; donor type (0=living, 1=bd, 2=nhb): 1; timepoint biopsy: 3; deceased paired biopsies: 3; delayed graft function (0=no, 1=yes): 1"
"GSE43974","human","GPL10558","GSM1075373","Kidney_donor_DCD_T3_19","injury",NA,"tissue: kidney biopsy; donor type (0=living, 1=bd, 2=nhb): 2; timepoint biopsy: 3; deceased unpaired biopsies: 1; delayed graft function (0=no, 1=yes): 1"
"GSE43974","human","GPL10558","GSM1075374","Kidney_donor_BD_T3_30","injury","DBD_17","tissue: kidney biopsy; donor type (0=living, 1=bd, 2=nhb): 1; timepoint biopsy: 3; deceased paired biopsies: 3; delayed graft function (0=no, 1=yes): 0"
"GSE43974","human","GPL10558","GSM1075377","Kidney_donor_DCD_T3_20","injury",NA,"tissue: kidney biopsy; donor type (0=living, 1=bd, 2=nhb): 2; timepoint biopsy: 3; deceased unpaired biopsies: 1; delayed graft function (0=no, 1=yes): 0"
"GSE43974","human","GPL10558","GSM1075379","Kidney_donor_BD_T3_31","injury","DBD_45","tissue: kidney biopsy; donor type (0=living, 1=bd, 2=nhb): 1; timepoint biopsy: 3; deceased paired biopsies: 3; delayed graft function (0=no, 1=yes): 0"
"GSE43974","human","GPL10558","GSM1075380","Kidney_donor_BD_T3_32","injury",NA,"tissue: kidney biopsy; donor type (0=living, 1=bd, 2=nhb): 1; timepoint biopsy: 3; deceased unpaired biopsies: 1; delayed graft function (0=no, 1=yes): 0"
"GSE43974","human","GPL10558","GSM1075385","Kidney_donor_DCD_T3_21","injury","DCD_06","tissue: kidney biopsy; donor type (0=living, 1=bd, 2=nhb): 2; timepoint biopsy: 3; deceased paired biopsies: 3; delayed graft function (0=no, 1=yes): 1"
"GSE43974","human","GPL10558","GSM1075386","Kidney_donor_BD_T3_33","injury",NA,"tissue: kidney biopsy; donor type (0=living, 1=bd, 2=nhb): 1; timepoint biopsy: 3; deceased unpaired biopsies: 1; delayed graft function (0=no, 1=yes): 0"
"GSE43974","human","GPL10558","GSM1075387","Kidney_donor_DCD_T2_21","reference",NA,"tissue: kidney biopsy; donor type (0=living, 1=bd, 2=nhb): 2; timepoint biopsy: 2; deceased unpaired biopsies: 1; delayed graft function (0=no, 1=yes): 1"
"GSE43974","human","GPL10558","GSM1075389","Kidney_donor_BD_T2_38","reference",NA,"tissue: kidney biopsy; donor type (0=living, 1=bd, 2=nhb): 1; timepoint biopsy: 2; deceased unpaired biopsies: 1; delayed graft function (0=no, 1=yes): 0"
"GSE43974","human","GPL10558","GSM1075390","Kidney_donor_BD_T3_34","injury","DBD_52","tissue: kidney biopsy; donor type (0=living, 1=bd, 2=nhb): 1; timepoint biopsy: 3; deceased paired biopsies: 3; delayed graft function (0=no, 1=yes): 0"
"GSE43974","human","GPL10558","GSM1075391","Kidney_donor_BD_T3_35","injury",NA,"tissue: kidney biopsy; donor type (0=living, 1=bd, 2=nhb): 1; timepoint biopsy: 3; deceased unpaired biopsies: 1; delayed graft function (0=no, 1=yes): 1"
"GSE43974","human","GPL10558","GSM1075397","Kidney_donor_DCD_T3_22","injury",NA,"tissue: kidney biopsy; donor type (0=living, 1=bd, 2=nhb): 2; timepoint biopsy: 3; deceased unpaired biopsies: 1; delayed graft function (0=no, 1=yes): 1"
"GSE43974","human","GPL10558","GSM1075399","Kidney_donor_DCD_T3_23","injury",NA,"tissue: kidney biopsy; donor type (0=living, 1=bd, 2=nhb): 2; timepoint biopsy: 3; deceased unpaired biopsies: 1; delayed graft function (0=no, 1=yes): 1"
"GSE43974","human","GPL10558","GSM1075402","Kidney_donor_BD_T2_39","reference","DBD_22","tissue: kidney biopsy; donor type (0=living, 1=bd, 2=nhb): 1; timepoint biopsy: 2; deceased paired biopsies: 2; delayed graft function (0=no, 1=yes): 0"
"GSE43974","human","GPL10558","GSM1075403","Kidney_donor_DCD_T3_24","injury",NA,"tissue: kidney biopsy; donor type (0=living, 1=bd, 2=nhb): 2; timepoint biopsy: 3; deceased unpaired biopsies: 1; delayed graft function (0=no, 1=yes): 1"
"GSE43974","human","GPL10558","GSM1075404","Kidney_donor_BD_T3_36","injury",NA,"tissue: kidney biopsy; donor type (0=living, 1=bd, 2=nhb): 1; timepoint biopsy: 3; deceased unpaired biopsies: 1; delayed graft function (0=no, 1=yes): 1"
"GSE43974","human","GPL10558","GSM1075405","Kidney_donor_BD_T2_40","reference","DBD_23","tissue: kidney biopsy; donor type (0=living, 1=bd, 2=nhb): 1; timepoint biopsy: 2; deceased paired biopsies: 2; delayed graft function (0=no, 1=yes): 0"
"GSE43974","human","GPL10558","GSM1075406","Kidney_donor_BD_T3_37","injury",NA,"tissue: kidney biopsy; donor type (0=living, 1=bd, 2=nhb): 1; timepoint biopsy: 3; deceased unpaired biopsies: 1; delayed graft function (0=no, 1=yes): 0"
"GSE43974","human","GPL10558","GSM1075407","Kidney_donor_DCD_T2_22","reference",NA,"tissue: kidney biopsy; donor type (0=living, 1=bd, 2=nhb): 2; timepoint biopsy: 2; deceased unpaired biopsies: 1; delayed graft function (0=no, 1=yes): 1"
"GSE43974","human","GPL10558","GSM1075408","Kidney_donor_BD_T3_38","injury",NA,"tissue: kidney biopsy; donor type (0=living, 1=bd, 2=nhb): 1; timepoint biopsy: 3; deceased unpaired biopsies: 1; delayed graft function (0=no, 1=yes): 0"
"GSE43974","human","GPL10558","GSM1075409","Kidney_donor_BD_T2_41","reference","DBD_24","tissue: kidney biopsy; donor type (0=living, 1=bd, 2=nhb): 1; timepoint biopsy: 2; deceased paired biopsies: 2; delayed graft function (0=no, 1=yes): 1"
"GSE43974","human","GPL10558","GSM1075412","Kidney_donor_BD_T2_42","reference",NA,"tissue: kidney biopsy; donor type (0=living, 1=bd, 2=nhb): 1; timepoint biopsy: 2; deceased unpaired biopsies: 1; delayed graft function (0=no, 1=yes): 0"
"GSE43974","human","GPL10558","GSM1075415","Kidney_donor_BD_T2_43","reference",NA,"tissue: kidney biopsy; donor type (0=living, 1=bd, 2=nhb): 1; timepoint biopsy: 2; deceased unpaired biopsies: 1; delayed graft function (0=no, 1=yes): 0"
"GSE43974","human","GPL10558","GSM1075416","Kidney_donor_BD_T2_44","reference","DBD_25","tissue: kidney biopsy; donor type (0=living, 1=bd, 2=nhb): 1; timepoint biopsy: 2; deceased paired biopsies: 2; delayed graft function (0=no, 1=yes): 0"
"GSE43974","human","GPL10558","GSM1075417","Kidney_donor_BD_T3_39","injury",NA,"tissue: kidney biopsy; donor type (0=living, 1=bd, 2=nhb): 1; timepoint biopsy: 3; deceased unpaired biopsies: 1; delayed graft function (0=no, 1=yes): 1"
"GSE43974","human","GPL10558","GSM1075418","Kidney_donor_DCD_T3_25","injury","DCD_21","tissue: kidney biopsy; donor type (0=living, 1=bd, 2=nhb): 2; timepoint biopsy: 3; deceased paired biopsies: 3; delayed graft function (0=no, 1=yes): 1"
"GSE43974","human","GPL10558","GSM1075422","Kidney_donor_DCD_T2_23","reference","DCD_13","tissue: kidney biopsy; donor type (0=living, 1=bd, 2=nhb): 2; timepoint biopsy: 2; deceased paired biopsies: 2; delayed graft function (0=no, 1=yes): 1"
"GSE43974","human","GPL10558","GSM1075423","Kidney_donor_BD_T2_45","reference",NA,"tissue: kidney biopsy; donor type (0=living, 1=bd, 2=nhb): 1; timepoint biopsy: 2; deceased unpaired biopsies: 1; delayed graft function (0=no, 1=yes): 0"
"GSE43974","human","GPL10558","GSM1075425","Kidney_donor_BD_T3_40","injury","DBD_01","tissue: kidney biopsy; donor type (0=living, 1=bd, 2=nhb): 1; timepoint biopsy: 3; deceased paired biopsies: 3; delayed graft function (0=no, 1=yes): 0"
"GSE43974","human","GPL10558","GSM1075426","Kidney_donor_BD_T3_41","injury","DBD_56","tissue: kidney biopsy; donor type (0=living, 1=bd, 2=nhb): 1; timepoint biopsy: 3; deceased paired biopsies: 3; delayed graft function (0=no, 1=yes): 0"
"GSE43974","human","GPL10558","GSM1075427","Kidney_donor_BD_T3_42","injury","DBD_42","tissue: kidney biopsy; donor type (0=living, 1=bd, 2=nhb): 1; timepoint biopsy: 3; deceased paired biopsies: 3; delayed graft function (0=no, 1=yes): 1"
"GSE43974","human","GPL10558","GSM1075429","Kidney_donor_BD_T3_43","injury","DBD_65","tissue: kidney biopsy; donor type (0=living, 1=bd, 2=nhb): 1; timepoint biopsy: 3; deceased paired biopsies: 3; delayed graft function (0=no, 1=yes): 1"
"GSE43974","human","GPL10558","GSM1075432","Kidney_donor_BD_T3_44","injury",NA,"tissue: kidney biopsy; donor type (0=living, 1=bd, 2=nhb): 1; timepoint biopsy: 3; deceased unpaired biopsies: 1; delayed graft function (0=no, 1=yes): 0"
"GSE43974","human","GPL10558","GSM1075436","Kidney_donor_BD_T2_46","reference","DBD_26","tissue: kidney biopsy; donor type (0=living, 1=bd, 2=nhb): 1; timepoint biopsy: 2; deceased paired biopsies: 2; delayed graft function (0=no, 1=yes): 0"
"GSE43974","human","GPL10558","GSM1075440","Kidney_donor_DCD_T2_24","reference","DCD_14","tissue: kidney biopsy; donor type (0=living, 1=bd, 2=nhb): 2; timepoint biopsy: 2; deceased paired biopsies: 2; delayed graft function (0=no, 1=yes): 1"
"GSE43974","human","GPL10558","GSM1075441","Kidney_donor_DCD_T3_26","injury",NA,"tissue: kidney biopsy; donor type (0=living, 1=bd, 2=nhb): 2; timepoint biopsy: 3; deceased unpaired biopsies: 1; delayed graft function (0=no, 1=yes): 1"
"GSE43974","human","GPL10558","GSM1075442","Kidney_donor_DCD_T2_25","reference",NA,"tissue: kidney biopsy; donor type (0=living, 1=bd, 2=nhb): 2; timepoint biopsy: 2; deceased unpaired biopsies: 1; delayed graft function (0=no, 1=yes): 1"
"GSE43974","human","GPL10558","GSM1075443","Kidney_donor_BD_T2_47","reference","DBD_27","tissue: kidney biopsy; donor type (0=living, 1=bd, 2=nhb): 1; timepoint biopsy: 2; deceased paired biopsies: 2; delayed graft function (0=no, 1=yes): 0"
"GSE43974","human","GPL10558","GSM1075444","Kidney_donor_DCD_T2_26","reference","DCD_15","tissue: kidney biopsy; donor type (0=living, 1=bd, 2=nhb): 2; timepoint biopsy: 2; deceased paired biopsies: 2; delayed graft function (0=no, 1=yes): 0"
"GSE43974","human","GPL10558","GSM1075446","Kidney_donor_DCD_T3_27","injury",NA,"tissue: kidney biopsy; donor type (0=living, 1=bd, 2=nhb): 2; timepoint biopsy: 3; deceased unpaired biopsies: 1; delayed graft function (0=no, 1=yes): 1"
"GSE43974","human","GPL10558","GSM1075447","Kidney_donor_BD_T2_48","reference","DBD_29","tissue: kidney biopsy; donor type (0=living, 1=bd, 2=nhb): 1; timepoint biopsy: 2; deceased paired biopsies: 2; delayed graft function (0=no, 1=yes): 0"
"GSE43974","human","GPL10558","GSM1075451","Kidney_donor_BD_T2_49","reference","DBD_28","tissue: kidney biopsy; donor type (0=living, 1=bd, 2=nhb): 1; timepoint biopsy: 2; deceased paired biopsies: 2; delayed graft function (0=no, 1=yes): 0"
"GSE43974","human","GPL10558","GSM1075452","Kidney_donor_DCD_T3_28","injury","DCD_07","tissue: kidney biopsy; donor type (0=living, 1=bd, 2=nhb): 2; timepoint biopsy: 3; deceased paired biopsies: 3; delayed graft function (0=no, 1=yes): 1"
"GSE43974","human","GPL10558","GSM1075453","Kidney_donor_BD_T3_45","injury","DBD_31","tissue: kidney biopsy; donor type (0=living, 1=bd, 2=nhb): 1; timepoint biopsy: 3; deceased paired biopsies: 3; delayed graft function (0=no, 1=yes): 0"
"GSE43974","human","GPL10558","GSM1075454","Kidney_donor_BD_T3_46","injury",NA,"tissue: kidney biopsy; donor type (0=living, 1=bd, 2=nhb): 1; timepoint biopsy: 3; deceased unpaired biopsies: 1; delayed graft function (0=no, 1=yes): 0"
"GSE43974","human","GPL10558","GSM1075455","Kidney_donor_BD_T3_47","injury","DBD_28","tissue: kidney biopsy; donor type (0=living, 1=bd, 2=nhb): 1; timepoint biopsy: 3; deceased paired biopsies: 3; delayed graft function (0=no, 1=yes): 0"
"GSE43974","human","GPL10558","GSM1075456","Kidney_donor_DCD_T2_27","reference",NA,"tissue: kidney biopsy; donor type (0=living, 1=bd, 2=nhb): 2; timepoint biopsy: 2; deceased unpaired biopsies: 1; delayed graft function (0=no, 1=yes): 0"
"GSE43974","human","GPL10558","GSM1075457","Kidney_donor_BD_T2_50","reference","DBD_30","tissue: kidney biopsy; donor type (0=living, 1=bd, 2=nhb): 1; timepoint biopsy: 2; deceased paired biopsies: 2; delayed graft function (0=no, 1=yes): 0"
"GSE43974","human","GPL10558","GSM1075462","Kidney_donor_BD_T2_51","reference",NA,"tissue: kidney biopsy; donor type (0=living, 1=bd, 2=nhb): 1; timepoint biopsy: 2; deceased unpaired biopsies: 1; delayed graft function (0=no, 1=yes): 0"
"GSE43974","human","GPL10558","GSM1075463","Kidney_donor_DCD_T2_28","reference",NA,"tissue: kidney biopsy; donor type (0=living, 1=bd, 2=nhb): 2; timepoint biopsy: 2; deceased unpaired biopsies: 1; delayed graft function (0=no, 1=yes): 1"
"GSE43974","human","GPL10558","GSM1075465","Kidney_donor_BD_T2_52","reference","DBD_31","tissue: kidney biopsy; donor type (0=living, 1=bd, 2=nhb): 1; timepoint biopsy: 2; deceased paired biopsies: 2; delayed graft function (0=no, 1=yes): 0"
"GSE43974","human","GPL10558","GSM1075466","Kidney_donor_BD_T2_53","reference","DBD_32","tissue: kidney biopsy; donor type (0=living, 1=bd, 2=nhb): 1; timepoint biopsy: 2; deceased paired biopsies: 2; delayed graft function (0=no, 1=yes): 0"
"GSE43974","human","GPL10558","GSM1075467","Kidney_donor_DCD_T3_29","injury",NA,"tissue: kidney biopsy; donor type (0=living, 1=bd, 2=nhb): 2; timepoint biopsy: 3; deceased unpaired biopsies: 1; delayed graft function (0=no, 1=yes): 1"
"GSE43974","human","GPL10558","GSM1075468","Kidney_donor_BD_T2_54","reference",NA,"tissue: kidney biopsy; donor type (0=living, 1=bd, 2=nhb): 1; timepoint biopsy: 2; deceased unpaired biopsies: 1; delayed graft function (0=no, 1=yes): 0"
"GSE43974","human","GPL10558","GSM1075469","Kidney_donor_DCD_T2_29","reference",NA,"tissue: kidney biopsy; donor type (0=living, 1=bd, 2=nhb): 2; timepoint biopsy: 2; deceased unpaired biopsies: 1; delayed graft function (0=no, 1=yes): 1"
"GSE43974","human","GPL10558","GSM1075472","Kidney_donor_BD_T3_48","injury",NA,"tissue: kidney biopsy; donor type (0=living, 1=bd, 2=nhb): 1; timepoint biopsy: 3; deceased unpaired biopsies: 1; delayed graft function (0=no, 1=yes): 1"
"GSE43974","human","GPL10558","GSM1075474","Kidney_donor_BD_T3_49","injury",NA,"tissue: kidney biopsy; donor type (0=living, 1=bd, 2=nhb): 1; timepoint biopsy: 3; deceased unpaired biopsies: 1; delayed graft function (0=no, 1=yes): 0"
"GSE43974","human","GPL10558","GSM1075475","Kidney_donor_DCD_T2_30","reference",NA,"tissue: kidney biopsy; donor type (0=living, 1=bd, 2=nhb): 2; timepoint biopsy: 2; deceased unpaired biopsies: 1; delayed graft function (0=no, 1=yes): 1"
"GSE43974","human","GPL10558","GSM1075477","Kidney_donor_DCD_T3_30","injury",NA,"tissue: kidney biopsy; donor type (0=living, 1=bd, 2=nhb): 2; timepoint biopsy: 3; deceased unpaired biopsies: 1; delayed graft function (0=no, 1=yes): 1"
"GSE43974","human","GPL10558","GSM1075480","Kidney_donor_BD_T3_50","injury","DBD_55","tissue: kidney biopsy; donor type (0=living, 1=bd, 2=nhb): 1; timepoint biopsy: 3; deceased paired biopsies: 3; delayed graft function (0=no, 1=yes): 0"
"GSE43974","human","GPL10558","GSM1075481","Kidney_donor_DCD_T2_31","reference","DCD_16","tissue: kidney biopsy; donor type (0=living, 1=bd, 2=nhb): 2; timepoint biopsy: 2; deceased paired biopsies: 2; delayed graft function (0=no, 1=yes): 0"
"GSE43974","human","GPL10558","GSM1075484","Kidney_donor_DCD_T2_32","reference","DCD_17","tissue: kidney biopsy; donor type (0=living, 1=bd, 2=nhb): 2; timepoint biopsy: 2; deceased paired biopsies: 2; delayed graft function (0=no, 1=yes): 1"
"GSE43974","human","GPL10558","GSM1075485","Kidney_donor_BD_T2_55","reference",NA,"tissue: kidney biopsy; donor type (0=living, 1=bd, 2=nhb): 1; timepoint biopsy: 2; deceased unpaired biopsies: 1; delayed graft function (0=no, 1=yes): 0"
"GSE43974","human","GPL10558","GSM1075490","Kidney_donor_BD_T2_56","reference","DBD_33","tissue: kidney biopsy; donor type (0=living, 1=bd, 2=nhb): 1; timepoint biopsy: 2; deceased paired biopsies: 2; delayed graft function (0=no, 1=yes): 0"
"GSE43974","human","GPL10558","GSM1075491","Kidney_donor_BD_T3_51","injury","DBD_46","tissue: kidney biopsy; donor type (0=living, 1=bd, 2=nhb): 1; timepoint biopsy: 3; deceased paired biopsies: 3; delayed graft function (0=no, 1=yes): 0"
"GSE43974","human","GPL10558","GSM1075492","Kidney_donor_BD_T2_57","reference","DBD_34","tissue: kidney biopsy; donor type (0=living, 1=bd, 2=nhb): 1; timepoint biopsy: 2; deceased paired biopsies: 2; delayed graft function (0=no, 1=yes): 0"
"GSE43974","human","GPL10558","GSM1075494","Kidney_donor_BD_T2_58","reference",NA,"tissue: kidney biopsy; donor type (0=living, 1=bd, 2=nhb): 1; timepoint biopsy: 2; deceased unpaired biopsies: 1; delayed graft function (0=no, 1=yes): 0"
"GSE43974","human","GPL10558","GSM1075495","Kidney_donor_BD_T2_59","reference","DBD_35","tissue: kidney biopsy; donor type (0=living, 1=bd, 2=nhb): 1; timepoint biopsy: 2; deceased paired biopsies: 2; delayed graft function (0=no, 1=yes): 0"
"GSE43974","human","GPL10558","GSM1075496","Kidney_donor_BD_T3_52","injury","DBD_44","tissue: kidney biopsy; donor type (0=living, 1=bd, 2=nhb): 1; timepoint biopsy: 3; deceased paired biopsies: 3; delayed graft function (0=no, 1=yes): 0"
"GSE43974","human","GPL10558","GSM1075498","Kidney_donor_BD_T2_60","reference",NA,"tissue: kidney biopsy; donor type (0=living, 1=bd, 2=nhb): 1; timepoint biopsy: 2; deceased unpaired biopsies: 1; delayed graft function (0=no, 1=yes): 1"
"GSE43974","human","GPL10558","GSM1075500","Kidney_donor_BD_T3_53","injury",NA,"tissue: kidney biopsy; donor type (0=living, 1=bd, 2=nhb): 1; timepoint biopsy: 3; deceased unpaired biopsies: 1; delayed graft function (0=no, 1=yes): 1"
"GSE43974","human","GPL10558","GSM1075501","Kidney_donor_DCD_T2_33","reference","DCD_18","tissue: kidney biopsy; donor type (0=living, 1=bd, 2=nhb): 2; timepoint biopsy: 2; deceased paired biopsies: 2; delayed graft function (0=no, 1=yes): 1"
"GSE43974","human","GPL10558","GSM1075502","Kidney_donor_BD_T3_54","injury",NA,"tissue: kidney biopsy; donor type (0=living, 1=bd, 2=nhb): 1; timepoint biopsy: 3; deceased unpaired biopsies: 1; delayed graft function (0=no, 1=yes): 1"
"GSE43974","human","GPL10558","GSM1075504","Kidney_donor_DCD_T3_31","injury","DCD_16","tissue: kidney biopsy; donor type (0=living, 1=bd, 2=nhb): 2; timepoint biopsy: 3; deceased paired biopsies: 3; delayed graft function (0=no, 1=yes): 0"
"GSE43974","human","GPL10558","GSM1075505","Kidney_donor_BD_T3_55","injury",NA,"tissue: kidney biopsy; donor type (0=living, 1=bd, 2=nhb): 1; timepoint biopsy: 3; deceased unpaired biopsies: 1; delayed graft function (0=no, 1=yes): 0"
"GSE43974","human","GPL10558","GSM1075507","Kidney_donor_DCD_T2_34","reference","DCD_19","tissue: kidney biopsy; donor type (0=living, 1=bd, 2=nhb): 2; timepoint biopsy: 2; deceased paired biopsies: 2; delayed graft function (0=no, 1=yes): 1"
"GSE43974","human","GPL10558","GSM1075508","Kidney_donor_DCD_T3_32","injury","DCD_25","tissue: kidney biopsy; donor type (0=living, 1=bd, 2=nhb): 2; timepoint biopsy: 3; deceased paired biopsies: 3; delayed graft function (0=no, 1=yes): 0"
"GSE43974","human","GPL10558","GSM1075509","Kidney_donor_BD_T2_61","reference",NA,"tissue: kidney biopsy; donor type (0=living, 1=bd, 2=nhb): 1; timepoint biopsy: 2; deceased unpaired biopsies: 1; delayed graft function (0=no, 1=yes): 0"
"GSE43974","human","GPL10558","GSM1075510","Kidney_donor_BD_T2_62","reference",NA,"tissue: kidney biopsy; donor type (0=living, 1=bd, 2=nhb): 1; timepoint biopsy: 2; deceased unpaired biopsies: 1; delayed graft function (0=no, 1=yes): 0"
"GSE43974","human","GPL10558","GSM1075512","Kidney_donor_BD_T2_63","reference","DBD_36","tissue: kidney biopsy; donor type (0=living, 1=bd, 2=nhb): 1; timepoint biopsy: 2; deceased paired biopsies: 2; delayed graft function (0=no, 1=yes): 1"
"GSE43974","human","GPL10558","GSM1075513","Kidney_donor_DCD_T3_33","injury",NA,"tissue: kidney biopsy; donor type (0=living, 1=bd, 2=nhb): 2; timepoint biopsy: 3; deceased unpaired biopsies: 1; delayed graft function (0=no, 1=yes): 1"
"GSE43974","human","GPL10558","GSM1075514","Kidney_donor_DCD_T3_34","injury","DCD_26","tissue: kidney biopsy; donor type (0=living, 1=bd, 2=nhb): 2; timepoint biopsy: 3; deceased paired biopsies: 3; delayed graft function (0=no, 1=yes): 1"
"GSE43974","human","GPL10558","GSM1075515","Kidney_donor_DCD_T2_35","reference",NA,"tissue: kidney biopsy; donor type (0=living, 1=bd, 2=nhb): 2; timepoint biopsy: 2; deceased unpaired biopsies: 1; delayed graft function (0=no, 1=yes): 1"
"GSE43974","human","GPL10558","GSM1075516","Kidney_donor_BD_T3_56","injury","DBD_41","tissue: kidney biopsy; donor type (0=living, 1=bd, 2=nhb): 1; timepoint biopsy: 3; deceased paired biopsies: 3; delayed graft function (0=no, 1=yes): 0"
"GSE43974","human","GPL10558","GSM1075517","Kidney_donor_DCD_T3_35","injury",NA,"tissue: kidney biopsy; donor type (0=living, 1=bd, 2=nhb): 2; timepoint biopsy: 3; deceased unpaired biopsies: 1; delayed graft function (0=no, 1=yes): 1"
"GSE43974","human","GPL10558","GSM1075520","Kidney_donor_BD_T2_64","reference",NA,"tissue: kidney biopsy; donor type (0=living, 1=bd, 2=nhb): 1; timepoint biopsy: 2; deceased unpaired biopsies: 1; delayed graft function (0=no, 1=yes): 0"
"GSE43974","human","GPL10558","GSM1075521","Kidney_donor_BD_T3_57","injury","DBD_49","tissue: kidney biopsy; donor type (0=living, 1=bd, 2=nhb): 1; timepoint biopsy: 3; deceased paired biopsies: 3; delayed graft function (0=no, 1=yes): 1"
"GSE43974","human","GPL10558","GSM1075524","Kidney_donor_DCD_T3_36","injury","DCD_23","tissue: kidney biopsy; donor type (0=living, 1=bd, 2=nhb): 2; timepoint biopsy: 3; deceased paired biopsies: 3; delayed graft function (0=no, 1=yes): 1"
"GSE43974","human","GPL10558","GSM1075525","Kidney_donor_BD_T3_58","injury","DBD_04","tissue: kidney biopsy; donor type (0=living, 1=bd, 2=nhb): 1; timepoint biopsy: 3; deceased paired biopsies: 3; delayed graft function (0=no, 1=yes): 1"
"GSE43974","human","GPL10558","GSM1075526","Kidney_donor_BD_T3_59","injury","DBD_03","tissue: kidney biopsy; donor type (0=living, 1=bd, 2=nhb): 1; timepoint biopsy: 3; deceased paired biopsies: 3; delayed graft function (0=no, 1=yes): 0"
"GSE43974","human","GPL10558","GSM1075529","Kidney_donor_BD_T2_65","reference","DBD_37","tissue: kidney biopsy; donor type (0=living, 1=bd, 2=nhb): 1; timepoint biopsy: 2; deceased paired biopsies: 2; delayed graft function (0=no, 1=yes): 0"
"GSE43974","human","GPL10558","GSM1075530","Kidney_donor_BD_T2_66","reference","DBD_38","tissue: kidney biopsy; donor type (0=living, 1=bd, 2=nhb): 1; timepoint biopsy: 2; deceased paired biopsies: 2; delayed graft function (0=no, 1=yes): 0"
"GSE43974","human","GPL10558","GSM1075531","Kidney_donor_DCD_T3_37","injury",NA,"tissue: kidney biopsy; donor type (0=living, 1=bd, 2=nhb): 2; timepoint biopsy: 3; deceased unpaired biopsies: 1; delayed graft function (0=no, 1=yes): 1"
"GSE43974","human","GPL10558","GSM1075532","Kidney_donor_DCD_T3_38","injury","DCD_14","tissue: kidney biopsy; donor type (0=living, 1=bd, 2=nhb): 2; timepoint biopsy: 3; deceased paired biopsies: 3; delayed graft function (0=no, 1=yes): 1"
"GSE43974","human","GPL10558","GSM1075533","Kidney_donor_BD_T2_67","reference","DBD_39","tissue: kidney biopsy; donor type (0=living, 1=bd, 2=nhb): 1; timepoint biopsy: 2; deceased paired biopsies: 2; delayed graft function (0=no, 1=yes): 0"
"GSE43974","human","GPL10558","GSM1075534","Kidney_donor_BD_T3_60","injury",NA,"tissue: kidney biopsy; donor type (0=living, 1=bd, 2=nhb): 1; timepoint biopsy: 3; deceased unpaired biopsies: 1; delayed graft function (0=no, 1=yes): 0"
"GSE43974","human","GPL10558","GSM1075535","Kidney_donor_BD_T2_68","reference","DBD_40","tissue: kidney biopsy; donor type (0=living, 1=bd, 2=nhb): 1; timepoint biopsy: 2; deceased paired biopsies: 2; delayed graft function (0=no, 1=yes): 1"
"GSE43974","human","GPL10558","GSM1075536","Kidney_donor_BD_T2_69","reference","DBD_41","tissue: kidney biopsy; donor type (0=living, 1=bd, 2=nhb): 1; timepoint biopsy: 2; deceased paired biopsies: 2; delayed graft function (0=no, 1=yes): 0"
"GSE43974","human","GPL10558","GSM1075537","Kidney_donor_BD_T3_61","injury","DBD_14","tissue: kidney biopsy; donor type (0=living, 1=bd, 2=nhb): 1; timepoint biopsy: 3; deceased paired biopsies: 3; delayed graft function (0=no, 1=yes): 0"
"GSE43974","human","GPL10558","GSM1075539","Kidney_donor_BD_T3_62","injury",NA,"tissue: kidney biopsy; donor type (0=living, 1=bd, 2=nhb): 1; timepoint biopsy: 3; deceased unpaired biopsies: 1; delayed graft function (0=no, 1=yes): 1"
"GSE43974","human","GPL10558","GSM1075540","Kidney_donor_DCD_T3_39","injury",NA,"tissue: kidney biopsy; donor type (0=living, 1=bd, 2=nhb): 2; timepoint biopsy: 3; deceased unpaired biopsies: 1; delayed graft function (0=no, 1=yes): 1"
"GSE43974","human","GPL10558","GSM1075542","Kidney_donor_DCD_T2_36","reference","DCD_20","tissue: kidney biopsy; donor type (0=living, 1=bd, 2=nhb): 2; timepoint biopsy: 2; deceased paired biopsies: 2; delayed graft function (0=no, 1=yes): 0"
"GSE43974","human","GPL10558","GSM1075543","Kidney_donor_BD_T3_63","injury","DBD_30","tissue: kidney biopsy; donor type (0=living, 1=bd, 2=nhb): 1; timepoint biopsy: 3; deceased paired biopsies: 3; delayed graft function (0=no, 1=yes): 0"
"GSE43974","human","GPL10558","GSM1075544","Kidney_donor_BD_T2_70","reference","DBD_42","tissue: kidney biopsy; donor type (0=living, 1=bd, 2=nhb): 1; timepoint biopsy: 2; deceased paired biopsies: 2; delayed graft function (0=no, 1=yes): 1"
"GSE43974","human","GPL10558","GSM1075546","Kidney_donor_BD_T3_64","injury","DBD_23","tissue: kidney biopsy; donor type (0=living, 1=bd, 2=nhb): 1; timepoint biopsy: 3; deceased paired biopsies: 3; delayed graft function (0=no, 1=yes): 0"
"GSE43974","human","GPL10558","GSM1075547","Kidney_donor_DCD_T3_40","injury",NA,"tissue: kidney biopsy; donor type (0=living, 1=bd, 2=nhb): 2; timepoint biopsy: 3; deceased unpaired biopsies: 1; delayed graft function (0=no, 1=yes): 1"
"GSE43974","human","GPL10558","GSM1075548","Kidney_donor_BD_T3_65","injury","DBD_32","tissue: kidney biopsy; donor type (0=living, 1=bd, 2=nhb): 1; timepoint biopsy: 3; deceased paired biopsies: 3; delayed graft function (0=no, 1=yes): 0"
"GSE43974","human","GPL10558","GSM1075549","Kidney_donor_BD_T2_71","reference","DBD_43","tissue: kidney biopsy; donor type (0=living, 1=bd, 2=nhb): 1; timepoint biopsy: 2; deceased paired biopsies: 2; delayed graft function (0=no, 1=yes): 0"
"GSE43974","human","GPL10558","GSM1075550","Kidney_donor_BD_T2_72","reference","DBD_44","tissue: kidney biopsy; donor type (0=living, 1=bd, 2=nhb): 1; timepoint biopsy: 2; deceased paired biopsies: 2; delayed graft function (0=no, 1=yes): 0"
"GSE43974","human","GPL10558","GSM1075552","Kidney_donor_BD_T3_66","injury",NA,"tissue: kidney biopsy; donor type (0=living, 1=bd, 2=nhb): 1; timepoint biopsy: 3; deceased unpaired biopsies: 1; delayed graft function (0=no, 1=yes): 0"
"GSE43974","human","GPL10558","GSM1075553","Kidney_donor_BD_T2_73","reference",NA,"tissue: kidney biopsy; donor type (0=living, 1=bd, 2=nhb): 1; timepoint biopsy: 2; deceased unpaired biopsies: 1; delayed graft function (0=no, 1=yes): 0"
"GSE43974","human","GPL10558","GSM1075554","Kidney_donor_BD_T2_74","reference",NA,"tissue: kidney biopsy; donor type (0=living, 1=bd, 2=nhb): 1; timepoint biopsy: 2; deceased unpaired biopsies: 1; delayed graft function (0=no, 1=yes): 1"
"GSE43974","human","GPL10558","GSM1075557","Kidney_donor_DCD_T3_41","injury",NA,"tissue: kidney biopsy; donor type (0=living, 1=bd, 2=nhb): 2; timepoint biopsy: 3; deceased unpaired biopsies: 1; delayed graft function (0=no, 1=yes): 1"
"GSE43974","human","GPL10558","GSM1075562","Kidney_donor_BD_T2_75","reference","DBD_45","tissue: kidney biopsy; donor type (0=living, 1=bd, 2=nhb): 1; timepoint biopsy: 2; deceased paired biopsies: 2; delayed graft function (0=no, 1=yes): 0"
"GSE43974","human","GPL10558","GSM1075563","Kidney_donor_BD_T3_67","injury",NA,"tissue: kidney biopsy; donor type (0=living, 1=bd, 2=nhb): 1; timepoint biopsy: 3; deceased unpaired biopsies: 1; delayed graft function (0=no, 1=yes): 1"
"GSE43974","human","GPL10558","GSM1075565","Kidney_donor_BD_T3_68","injury","DBD_24","tissue: kidney biopsy; donor type (0=living, 1=bd, 2=nhb): 1; timepoint biopsy: 3; deceased paired biopsies: 3; delayed graft function (0=no, 1=yes): 1"
"GSE43974","human","GPL10558","GSM1075567","Kidney_donor_DCD_T2_37","reference","DCD_21","tissue: kidney biopsy; donor type (0=living, 1=bd, 2=nhb): 2; timepoint biopsy: 2; deceased paired biopsies: 2; delayed graft function (0=no, 1=yes): 1"
"GSE43974","human","GPL10558","GSM1075569","Kidney_donor_DCD_T3_42","injury",NA,"tissue: kidney biopsy; donor type (0=living, 1=bd, 2=nhb): 2; timepoint biopsy: 3; deceased unpaired biopsies: 1; delayed graft function (0=no, 1=yes): 1"
"GSE43974","human","GPL10558","GSM1075570","Kidney_donor_BD_T2_76","reference","DBD_46","tissue: kidney biopsy; donor type (0=living, 1=bd, 2=nhb): 1; timepoint biopsy: 2; deceased paired biopsies: 2; delayed graft function (0=no, 1=yes): 0"
"GSE43974","human","GPL10558","GSM1075571","Kidney_donor_BD_T3_69","injury","DBD_47","tissue: kidney biopsy; donor type (0=living, 1=bd, 2=nhb): 1; timepoint biopsy: 3; deceased paired biopsies: 3; delayed graft function (0=no, 1=yes): 0"
"GSE43974","human","GPL10558","GSM1075572","Kidney_donor_DCD_T3_43","injury",NA,"tissue: kidney biopsy; donor type (0=living, 1=bd, 2=nhb): 2; timepoint biopsy: 3; deceased unpaired biopsies: 1; delayed graft function (0=no, 1=yes): 0"
"GSE43974","human","GPL10558","GSM1075575","Kidney_donor_BD_T2_77","reference","DBD_47","tissue: kidney biopsy; donor type (0=living, 1=bd, 2=nhb): 1; timepoint biopsy: 2; deceased paired biopsies: 2; delayed graft function (0=no, 1=yes): 0"
"GSE43974","human","GPL10558","GSM1075576","Kidney_donor_BD_T2_78","reference",NA,"tissue: kidney biopsy; donor type (0=living, 1=bd, 2=nhb): 1; timepoint biopsy: 2; deceased unpaired biopsies: 1; delayed graft function (0=no, 1=yes): 0"
"GSE43974","human","GPL10558","GSM1075577","Kidney_donor_BD_T2_79","reference","DBD_48","tissue: kidney biopsy; donor type (0=living, 1=bd, 2=nhb): 1; timepoint biopsy: 2; deceased paired biopsies: 2; delayed graft function (0=no, 1=yes): 1"
"GSE43974","human","GPL10558","GSM1075579","Kidney_donor_BD_T3_70","injury","DBD_13","tissue: kidney biopsy; donor type (0=living, 1=bd, 2=nhb): 1; timepoint biopsy: 3; deceased paired biopsies: 3; delayed graft function (0=no, 1=yes): 0"
"GSE43974","human","GPL10558","GSM1075580","Kidney_donor_DCD_T2_38","reference","DCD_22","tissue: kidney biopsy; donor type (0=living, 1=bd, 2=nhb): 2; timepoint biopsy: 2; deceased paired biopsies: 2; delayed graft function (0=no, 1=yes): 1"
"GSE43974","human","GPL10558","GSM1075581","Kidney_donor_BD_T3_71","injury","DBD_54","tissue: kidney biopsy; donor type (0=living, 1=bd, 2=nhb): 1; timepoint biopsy: 3; deceased paired biopsies: 3; delayed graft function (0=no, 1=yes): 0"
"GSE43974","human","GPL10558","GSM1075584","Kidney_donor_DCD_T3_44","injury",NA,"tissue: kidney biopsy; donor type (0=living, 1=bd, 2=nhb): 2; timepoint biopsy: 3; deceased unpaired biopsies: 1; delayed graft function (0=no, 1=yes): 1"
"GSE43974","human","GPL10558","GSM1075586","Kidney_donor_DCD_T2_39","reference",NA,"tissue: kidney biopsy; donor type (0=living, 1=bd, 2=nhb): 2; timepoint biopsy: 2; deceased unpaired biopsies: 1; delayed graft function (0=no, 1=yes): 1"
"GSE43974","human","GPL10558","GSM1075587","Kidney_donor_BD_T2_80","reference",NA,"tissue: kidney biopsy; donor type (0=living, 1=bd, 2=nhb): 1; timepoint biopsy: 2; deceased unpaired biopsies: 1; delayed graft function (0=no, 1=yes): 0"
"GSE43974","human","GPL10558","GSM1075589","Kidney_donor_DCD_T3_45","injury",NA,"tissue: kidney biopsy; donor type (0=living, 1=bd, 2=nhb): 2; timepoint biopsy: 3; deceased unpaired biopsies: 1; delayed graft function (0=no, 1=yes): 0"
"GSE43974","human","GPL10558","GSM1075590","Kidney_donor_DCD_T2_40","reference","DCD_23","tissue: kidney biopsy; donor type (0=living, 1=bd, 2=nhb): 2; timepoint biopsy: 2; deceased paired biopsies: 2; delayed graft function (0=no, 1=yes): 1"
"GSE43974","human","GPL10558","GSM1075592","Kidney_donor_DCD_T3_46","injury","DCD_17","tissue: kidney biopsy; donor type (0=living, 1=bd, 2=nhb): 2; timepoint biopsy: 3; deceased paired biopsies: 3; delayed graft function (0=no, 1=yes): 1"
"GSE43974","human","GPL10558","GSM1075593","Kidney_donor_BD_T2_81","reference",NA,"tissue: kidney biopsy; donor type (0=living, 1=bd, 2=nhb): 1; timepoint biopsy: 2; deceased unpaired biopsies: 1; delayed graft function (0=no, 1=yes): 0"
"GSE43974","human","GPL10558","GSM1075594","Kidney_donor_BD_T2_82","reference",NA,"tissue: kidney biopsy; donor type (0=living, 1=bd, 2=nhb): 1; timepoint biopsy: 2; deceased unpaired biopsies: 1; delayed graft function (0=no, 1=yes): 0"
"GSE43974","human","GPL10558","GSM1075595","Kidney_donor_BD_T3_72","injury",NA,"tissue: kidney biopsy; donor type (0=living, 1=bd, 2=nhb): 1; timepoint biopsy: 3; deceased unpaired biopsies: 1; delayed graft function (0=no, 1=yes): 0"
"GSE43974","human","GPL10558","GSM1075596","Kidney_donor_BD_T3_73","injury","DBD_10","tissue: kidney biopsy; donor type (0=living, 1=bd, 2=nhb): 1; timepoint biopsy: 3; deceased paired biopsies: 3; delayed graft function (0=no, 1=yes): 1"
"GSE43974","human","GPL10558","GSM1075599","Kidney_donor_BD_T3_74","injury","DBD_33","tissue: kidney biopsy; donor type (0=living, 1=bd, 2=nhb): 1; timepoint biopsy: 3; deceased paired biopsies: 3; delayed graft function (0=no, 1=yes): 0"
"GSE43974","human","GPL10558","GSM1075602","Kidney_donor_BD_T3_75","injury","DBD_05","tissue: kidney biopsy; donor type (0=living, 1=bd, 2=nhb): 1; timepoint biopsy: 3; deceased paired biopsies: 3; delayed graft function (0=no, 1=yes): 1"
"GSE43974","human","GPL10558","GSM1075603","Kidney_donor_BD_T3_76","injury","DBD_21","tissue: kidney biopsy; donor type (0=living, 1=bd, 2=nhb): 1; timepoint biopsy: 3; deceased paired biopsies: 3; delayed graft function (0=no, 1=yes): 0"
"GSE43974","human","GPL10558","GSM1075604","Kidney_donor_BD_T3_77","injury",NA,"tissue: kidney biopsy; donor type (0=living, 1=bd, 2=nhb): 1; timepoint biopsy: 3; deceased unpaired biopsies: 1; delayed graft function (0=no, 1=yes): 1"
"GSE43974","human","GPL10558","GSM1075609","Kidney_donor_DCD_T3_47","injury",NA,"tissue: kidney biopsy; donor type (0=living, 1=bd, 2=nhb): 2; timepoint biopsy: 3; deceased unpaired biopsies: 1; delayed graft function (0=no, 1=yes): 1"
"GSE43974","human","GPL10558","GSM1075611","Kidney_donor_BD_T3_78","injury","DBD_58","tissue: kidney biopsy; donor type (0=living, 1=bd, 2=nhb): 1; timepoint biopsy: 3; deceased paired biopsies: 3; delayed graft function (0=no, 1=yes): 1"
"GSE43974","human","GPL10558","GSM1075612","Kidney_donor_DCD_T3_48","injury","DCD_28","tissue: kidney biopsy; donor type (0=living, 1=bd, 2=nhb): 2; timepoint biopsy: 3; deceased paired biopsies: 3; delayed graft function (0=no, 1=yes): 1"
"GSE43974","human","GPL10558","GSM1075614","Kidney_donor_DCD_T2_41","reference","DCD_24","tissue: kidney biopsy; donor type (0=living, 1=bd, 2=nhb): 2; timepoint biopsy: 2; deceased paired biopsies: 2; delayed graft function (0=no, 1=yes): 0"
"GSE43974","human","GPL10558","GSM1075615","Kidney_donor_BD_T2_83","reference","DBD_49","tissue: kidney biopsy; donor type (0=living, 1=bd, 2=nhb): 1; timepoint biopsy: 2; deceased paired biopsies: 2; delayed graft function (0=no, 1=yes): 1"
"GSE43974","human","GPL10558","GSM1075618","Kidney_donor_BD_T2_84","reference","DBD_50","tissue: kidney biopsy; donor type (0=living, 1=bd, 2=nhb): 1; timepoint biopsy: 2; deceased paired biopsies: 2; delayed graft function (0=no, 1=yes): 1"
"GSE43974","human","GPL10558","GSM1075619","Kidney_donor_BD_T3_79","injury","DBD_59","tissue: kidney biopsy; donor type (0=living, 1=bd, 2=nhb): 1; timepoint biopsy: 3; deceased paired biopsies: 3; delayed graft function (0=no, 1=yes): 1"
"GSE43974","human","GPL10558","GSM1075620","Kidney_donor_DCD_T2_42","reference","DCD_25","tissue: kidney biopsy; donor type (0=living, 1=bd, 2=nhb): 2; timepoint biopsy: 2; deceased paired biopsies: 2; delayed graft function (0=no, 1=yes): 0"
"GSE43974","human","GPL10558","GSM1075622","Kidney_donor_BD_T3_80","injury","DBD_62","tissue: kidney biopsy; donor type (0=living, 1=bd, 2=nhb): 1; timepoint biopsy: 3; deceased paired biopsies: 3; delayed graft function (0=no, 1=yes): 0"
"GSE43974","human","GPL10558","GSM1075624","Kidney_donor_BD_T3_81","injury","DBD_12","tissue: kidney biopsy; donor type (0=living, 1=bd, 2=nhb): 1; timepoint biopsy: 3; deceased paired biopsies: 3; delayed graft function (0=no, 1=yes): 0"
"GSE43974","human","GPL10558","GSM1075625","Kidney_donor_DCD_T3_49","injury","DCD_19","tissue: kidney biopsy; donor type (0=living, 1=bd, 2=nhb): 2; timepoint biopsy: 3; deceased paired biopsies: 3; delayed graft function (0=no, 1=yes): 1"
"GSE43974","human","GPL10558","GSM1075626","Kidney_donor_BD_T3_82","injury",NA,"tissue: kidney biopsy; donor type (0=living, 1=bd, 2=nhb): 1; timepoint biopsy: 3; deceased unpaired biopsies: 1; delayed graft function (0=no, 1=yes): 0"
"GSE43974","human","GPL10558","GSM1075629","Kidney_donor_DCD_T2_43","reference","DCD_26","tissue: kidney biopsy; donor type (0=living, 1=bd, 2=nhb): 2; timepoint biopsy: 2; deceased paired biopsies: 2; delayed graft function (0=no, 1=yes): 1"
"GSE43974","human","GPL10558","GSM1075630","Kidney_donor_BD_T2_85","reference","DBD_51","tissue: kidney biopsy; donor type (0=living, 1=bd, 2=nhb): 1; timepoint biopsy: 2; deceased paired biopsies: 2; delayed graft function (0=no, 1=yes): 1"
"GSE43974","human","GPL10558","GSM1075631","Kidney_donor_BD_T3_83","injury","DBD_63","tissue: kidney biopsy; donor type (0=living, 1=bd, 2=nhb): 1; timepoint biopsy: 3; deceased paired biopsies: 3; delayed graft function (0=no, 1=yes): 1"
"GSE43974","human","GPL10558","GSM1075633","Kidney_donor_DCD_T3_50","injury","DCD_01","tissue: kidney biopsy; donor type (0=living, 1=bd, 2=nhb): 2; timepoint biopsy: 3; deceased paired biopsies: 3; delayed graft function (0=no, 1=yes): 1"
"GSE43974","human","GPL10558","GSM1075634","Kidney_donor_DCD_T2_44","reference","DCD_27","tissue: kidney biopsy; donor type (0=living, 1=bd, 2=nhb): 2; timepoint biopsy: 2; deceased paired biopsies: 2; delayed graft function (0=no, 1=yes): 1"
"GSE43974","human","GPL10558","GSM1075636","Kidney_donor_DCD_T3_51","injury","DCD_12","tissue: kidney biopsy; donor type (0=living, 1=bd, 2=nhb): 2; timepoint biopsy: 3; deceased paired biopsies: 3; delayed graft function (0=no, 1=yes): 1"
"GSE43974","human","GPL10558","GSM1075637","Kidney_donor_DCD_T3_52","injury",NA,"tissue: kidney biopsy; donor type (0=living, 1=bd, 2=nhb): 2; timepoint biopsy: 3; deceased unpaired biopsies: 1; delayed graft function (0=no, 1=yes): 1"
"GSE43974","human","GPL10558","GSM1075638","Kidney_donor_BD_T3_84","injury",NA,"tissue: kidney biopsy; donor type (0=living, 1=bd, 2=nhb): 1; timepoint biopsy: 3; deceased unpaired biopsies: 1; delayed graft function (0=no, 1=yes): 1"
"GSE43974","human","GPL10558","GSM1075639","Kidney_donor_BD_T2_86","reference",NA,"tissue: kidney biopsy; donor type (0=living, 1=bd, 2=nhb): 1; timepoint biopsy: 2; deceased unpaired biopsies: 1; delayed graft function (0=no, 1=yes): 1"
"GSE43974","human","GPL10558","GSM1075641","Kidney_donor_BD_T2_87","reference",NA,"tissue: kidney biopsy; donor type (0=living, 1=bd, 2=nhb): 1; timepoint biopsy: 2; deceased unpaired biopsies: 1; delayed graft function (0=no, 1=yes): 0"
"GSE43974","human","GPL10558","GSM1075642","Kidney_donor_DCD_T3_53","injury",NA,"tissue: kidney biopsy; donor type (0=living, 1=bd, 2=nhb): 2; timepoint biopsy: 3; deceased unpaired biopsies: 1; delayed graft function (0=no, 1=yes): 1"
"GSE43974","human","GPL10558","GSM1075644","Kidney_donor_DCD_T2_45","reference","DCD_28","tissue: kidney biopsy; donor type (0=living, 1=bd, 2=nhb): 2; timepoint biopsy: 2; deceased paired biopsies: 2; delayed graft function (0=no, 1=yes): 1"
"GSE43974","human","GPL10558","GSM1075645","Kidney_donor_BD_T3_85","injury","DBD_26","tissue: kidney biopsy; donor type (0=living, 1=bd, 2=nhb): 1; timepoint biopsy: 3; deceased paired biopsies: 3; delayed graft function (0=no, 1=yes): 0"
"GSE43974","human","GPL10558","GSM1075646","Kidney_donor_BD_T3_86","injury","DBD_53","tissue: kidney biopsy; donor type (0=living, 1=bd, 2=nhb): 1; timepoint biopsy: 3; deceased paired biopsies: 3; delayed graft function (0=no, 1=yes): 1"
"GSE43974","human","GPL10558","GSM1075648","Kidney_donor_DCD_T3_54","injury",NA,"tissue: kidney biopsy; donor type (0=living, 1=bd, 2=nhb): 2; timepoint biopsy: 3; deceased unpaired biopsies: 1; delayed graft function (0=no, 1=yes): 1"
"GSE43974","human","GPL10558","GSM1075649","Kidney_donor_DCD_T2_46","reference",NA,"tissue: kidney biopsy; donor type (0=living, 1=bd, 2=nhb): 2; timepoint biopsy: 2; deceased unpaired biopsies: 1; delayed graft function (0=no, 1=yes): 0"
"GSE43974","human","GPL10558","GSM1075651","Kidney_donor_BD_T2_88","reference",NA,"tissue: kidney biopsy; donor type (0=living, 1=bd, 2=nhb): 1; timepoint biopsy: 2; deceased unpaired biopsies: 1; delayed graft function (0=no, 1=yes): 0"
"GSE43974","human","GPL10558","GSM1075653","Kidney_donor_BD_T3_87","injury",NA,"tissue: kidney biopsy; donor type (0=living, 1=bd, 2=nhb): 1; timepoint biopsy: 3; deceased unpaired biopsies: 1; delayed graft function (0=no, 1=yes): 0"
"GSE43974","human","GPL10558","GSM1075655","Kidney_donor_BD_T2_89","reference","DBD_52","tissue: kidney biopsy; donor type (0=living, 1=bd, 2=nhb): 1; timepoint biopsy: 2; deceased paired biopsies: 2; delayed graft function (0=no, 1=yes): 0"
"GSE43974","human","GPL10558","GSM1075658","Kidney_donor_DCD_T3_55","injury",NA,"tissue: kidney biopsy; donor type (0=living, 1=bd, 2=nhb): 2; timepoint biopsy: 3; deceased unpaired biopsies: 1; delayed graft function (0=no, 1=yes): 1"
"GSE43974","human","GPL10558","GSM1075659","Kidney_donor_BD_T2_90","reference",NA,"tissue: kidney biopsy; donor type (0=living, 1=bd, 2=nhb): 1; timepoint biopsy: 2; deceased unpaired biopsies: 1; delayed graft function (0=no, 1=yes): 0"
"GSE43974","human","GPL10558","GSM1075660","Kidney_donor_BD_T3_88","injury",NA,"tissue: kidney biopsy; donor type (0=living, 1=bd, 2=nhb): 1; timepoint biopsy: 3; deceased unpaired biopsies: 1; delayed graft function (0=no, 1=yes): 0"
"GSE43974","human","GPL10558","GSM1075662","Kidney_donor_DCD_T3_56","injury",NA,"tissue: kidney biopsy; donor type (0=living, 1=bd, 2=nhb): 2; timepoint biopsy: 3; deceased unpaired biopsies: 1; delayed graft function (0=no, 1=yes): 1"
"GSE43974","human","GPL10558","GSM1075663","Kidney_donor_BD_T2_91","reference","DBD_53","tissue: kidney biopsy; donor type (0=living, 1=bd, 2=nhb): 1; timepoint biopsy: 2; deceased paired biopsies: 2; delayed graft function (0=no, 1=yes): 1"
"GSE43974","human","GPL10558","GSM1075665","Kidney_donor_BD_T3_89","injury",NA,"tissue: kidney biopsy; donor type (0=living, 1=bd, 2=nhb): 1; timepoint biopsy: 3; deceased unpaired biopsies: 1; delayed graft function (0=no, 1=yes): 0"
"GSE43974","human","GPL10558","GSM1075666","Kidney_donor_BD_T2_92","reference","DBD_54","tissue: kidney biopsy; donor type (0=living, 1=bd, 2=nhb): 1; timepoint biopsy: 2; deceased paired biopsies: 2; delayed graft function (0=no, 1=yes): 0"
"GSE43974","human","GPL10558","GSM1075668","Kidney_donor_BD_T2_93","reference","DBD_55","tissue: kidney biopsy; donor type (0=living, 1=bd, 2=nhb): 1; timepoint biopsy: 2; deceased paired biopsies: 2; delayed graft function (0=no, 1=yes): 0"
"GSE43974","human","GPL10558","GSM1075669","Kidney_donor_DCD_T3_57","injury","DCD_05","tissue: kidney biopsy; donor type (0=living, 1=bd, 2=nhb): 2; timepoint biopsy: 3; deceased paired biopsies: 3; delayed graft function (0=no, 1=yes): 1"
"GSE43974","human","GPL10558","GSM1075675","Kidney_donor_BD_T3_90","injury","DBD_37","tissue: kidney biopsy; donor type (0=living, 1=bd, 2=nhb): 1; timepoint biopsy: 3; deceased paired biopsies: 3; delayed graft function (0=no, 1=yes): 0"
"GSE43974","human","GPL10558","GSM1075677","Kidney_donor_BD_T2_94","reference","DBD_56","tissue: kidney biopsy; donor type (0=living, 1=bd, 2=nhb): 1; timepoint biopsy: 2; deceased paired biopsies: 2; delayed graft function (0=no, 1=yes): 0"
"GSE43974","human","GPL10558","GSM1075678","Kidney_donor_BD_T3_91","injury","DBD_25","tissue: kidney biopsy; donor type (0=living, 1=bd, 2=nhb): 1; timepoint biopsy: 3; deceased paired biopsies: 3; delayed graft function (0=no, 1=yes): 0"
"GSE43974","human","GPL10558","GSM1075681","Kidney_donor_BD_T2_95","reference","DBD_57","tissue: kidney biopsy; donor type (0=living, 1=bd, 2=nhb): 1; timepoint biopsy: 2; deceased paired biopsies: 2; delayed graft function (0=no, 1=yes): 1"
"GSE43974","human","GPL10558","GSM1075685","Kidney_donor_DCD_T3_58","injury","DCD_11","tissue: kidney biopsy; donor type (0=living, 1=bd, 2=nhb): 2; timepoint biopsy: 3; deceased paired biopsies: 3; delayed graft function (0=no, 1=yes): 1"
"GSE43974","human","GPL10558","GSM1075686","Kidney_donor_DCD_T3_59","injury","DCD_29","tissue: kidney biopsy; donor type (0=living, 1=bd, 2=nhb): 2; timepoint biopsy: 3; deceased paired biopsies: 3; delayed graft function (0=no, 1=yes): 1"
"GSE43974","human","GPL10558","GSM1075688","Kidney_donor_BD_T2_96","reference",NA,"tissue: kidney biopsy; donor type (0=living, 1=bd, 2=nhb): 1; timepoint biopsy: 2; deceased unpaired biopsies: 1; delayed graft function (0=no, 1=yes): 0"
"GSE43974","human","GPL10558","GSM1075689","Kidney_donor_DCD_T2_47","reference","DCD_29","tissue: kidney biopsy; donor type (0=living, 1=bd, 2=nhb): 2; timepoint biopsy: 2; deceased paired biopsies: 2; delayed graft function (0=no, 1=yes): 1"
"GSE43974","human","GPL10558","GSM1075692","Kidney_donor_BD_T3_92","injury",NA,"tissue: kidney biopsy; donor type (0=living, 1=bd, 2=nhb): 1; timepoint biopsy: 3; deceased unpaired biopsies: 1; delayed graft function (0=no, 1=yes): 1"
"GSE43974","human","GPL10558","GSM1075693","Kidney_donor_BD_T3_93","injury","DBD_22","tissue: kidney biopsy; donor type (0=living, 1=bd, 2=nhb): 1; timepoint biopsy: 3; deceased paired biopsies: 3; delayed graft function (0=no, 1=yes): 0"
"GSE43974","human","GPL10558","GSM1075694","Kidney_donor_BD_T3_94","injury","DBD_36","tissue: kidney biopsy; donor type (0=living, 1=bd, 2=nhb): 1; timepoint biopsy: 3; deceased paired biopsies: 3; delayed graft function (0=no, 1=yes): 1"
"GSE43974","human","GPL10558","GSM1075696","Kidney_donor_DCD_T3_60","injury","DCD_22","tissue: kidney biopsy; donor type (0=living, 1=bd, 2=nhb): 2; timepoint biopsy: 3; deceased paired biopsies: 3; delayed graft function (0=no, 1=yes): 1"
"GSE43974","human","GPL10558","GSM1075697","Kidney_donor_BD_T3_95","injury",NA,"tissue: kidney biopsy; donor type (0=living, 1=bd, 2=nhb): 1; timepoint biopsy: 3; deceased unpaired biopsies: 1; delayed graft function (0=no, 1=yes): 1"
"GSE43974","human","GPL10558","GSM1075698","Kidney_donor_BD_T2_97","reference","DBD_58","tissue: kidney biopsy; donor type (0=living, 1=bd, 2=nhb): 1; timepoint biopsy: 2; deceased paired biopsies: 2; delayed graft function (0=no, 1=yes): 1"
"GSE43974","human","GPL10558","GSM1075700","Kidney_donor_DCD_T3_61","injury","DCD_27","tissue: kidney biopsy; donor type (0=living, 1=bd, 2=nhb): 2; timepoint biopsy: 3; deceased paired biopsies: 3; delayed graft function (0=no, 1=yes): 1"
"GSE43974","human","GPL10558","GSM1075701","Kidney_donor_BD_T2_98","reference",NA,"tissue: kidney biopsy; donor type (0=living, 1=bd, 2=nhb): 1; timepoint biopsy: 2; deceased unpaired biopsies: 1; delayed graft function (0=no, 1=yes): 0"
"GSE43974","human","GPL10558","GSM1075702","Kidney_donor_DCD_T2_48","reference",NA,"tissue: kidney biopsy; donor type (0=living, 1=bd, 2=nhb): 2; timepoint biopsy: 2; deceased unpaired biopsies: 1; delayed graft function (0=no, 1=yes): 1"
"GSE43974","human","GPL10558","GSM1075703","Kidney_donor_DCD_T3_62","injury",NA,"tissue: kidney biopsy; donor type (0=living, 1=bd, 2=nhb): 2; timepoint biopsy: 3; deceased unpaired biopsies: 1; delayed graft function (0=no, 1=yes): 1"
"GSE43974","human","GPL10558","GSM1075704","Kidney_donor_BD_T2_99","reference","DBD_59","tissue: kidney biopsy; donor type (0=living, 1=bd, 2=nhb): 1; timepoint biopsy: 2; deceased paired biopsies: 2; delayed graft function (0=no, 1=yes): 1"
"GSE43974","human","GPL10558","GSM1075705","Kidney_donor_BD_T2_100","reference",NA,"tissue: kidney biopsy; donor type (0=living, 1=bd, 2=nhb): 1; timepoint biopsy: 2; deceased unpaired biopsies: 1; delayed graft function (0=no, 1=yes): 0"
"GSE43974","human","GPL10558","GSM1075706","Kidney_donor_BD_T2_101","reference",NA,"tissue: kidney biopsy; donor type (0=living, 1=bd, 2=nhb): 1; timepoint biopsy: 2; deceased unpaired biopsies: 1; delayed graft function (0=no, 1=yes): 0"
"GSE43974","human","GPL10558","GSM1075707","Kidney_donor_BD_T3_96","injury","DBD_57","tissue: kidney biopsy; donor type (0=living, 1=bd, 2=nhb): 1; timepoint biopsy: 3; deceased paired biopsies: 3; delayed graft function (0=no, 1=yes): 1"
"GSE43974","human","GPL10558","GSM1075708","Kidney_donor_BD_T3_97","injury","DBD_50","tissue: kidney biopsy; donor type (0=living, 1=bd, 2=nhb): 1; timepoint biopsy: 3; deceased paired biopsies: 3; delayed graft function (0=no, 1=yes): 1"
"GSE43974","human","GPL10558","GSM1075709","Kidney_donor_DCD_T2_49","reference",NA,"tissue: kidney biopsy; donor type (0=living, 1=bd, 2=nhb): 2; timepoint biopsy: 2; deceased unpaired biopsies: 1; delayed graft function (0=no, 1=yes): 1"
"GSE43974","human","GPL10558","GSM1075710","Kidney_donor_BD_T3_98","injury",NA,"tissue: kidney biopsy; donor type (0=living, 1=bd, 2=nhb): 1; timepoint biopsy: 3; deceased unpaired biopsies: 1; delayed graft function (0=no, 1=yes): 0"
"GSE43974","human","GPL10558","GSM1075711","Kidney_donor_BD_T2_102","reference","DBD_60","tissue: kidney biopsy; donor type (0=living, 1=bd, 2=nhb): 1; timepoint biopsy: 2; deceased paired biopsies: 2; delayed graft function (0=no, 1=yes): 0"
"GSE43974","human","GPL10558","GSM1075713","Kidney_donor_BD_T2_103","reference","DBD_61","tissue: kidney biopsy; donor type (0=living, 1=bd, 2=nhb): 1; timepoint biopsy: 2; deceased paired biopsies: 2; delayed graft function (0=no, 1=yes): 1"
"GSE43974","human","GPL10558","GSM1075714","Kidney_donor_BD_T2_104","reference","DBD_62","tissue: kidney biopsy; donor type (0=living, 1=bd, 2=nhb): 1; timepoint biopsy: 2; deceased paired biopsies: 2; delayed graft function (0=no, 1=yes): 0"
"GSE43974","human","GPL10558","GSM1075716","Kidney_donor_BD_T3_99","injury","DBD_08","tissue: kidney biopsy; donor type (0=living, 1=bd, 2=nhb): 1; timepoint biopsy: 3; deceased paired biopsies: 3; delayed graft function (0=no, 1=yes): 0"
"GSE43974","human","GPL10558","GSM1075717","Kidney_donor_DCD_T3_63","injury","DCD_02","tissue: kidney biopsy; donor type (0=living, 1=bd, 2=nhb): 2; timepoint biopsy: 3; deceased paired biopsies: 3; delayed graft function (0=no, 1=yes): 0"
"GSE43974","human","GPL10558","GSM1075718","Kidney_donor_DCD_T3_64","injury",NA,"tissue: kidney biopsy; donor type (0=living, 1=bd, 2=nhb): 2; timepoint biopsy: 3; deceased unpaired biopsies: 1; delayed graft function (0=no, 1=yes): 1"
"GSE43974","human","GPL10558","GSM1075719","Kidney_donor_BD_T3_100","injury","DBD_29","tissue: kidney biopsy; donor type (0=living, 1=bd, 2=nhb): 1; timepoint biopsy: 3; deceased paired biopsies: 3; delayed graft function (0=no, 1=yes): 0"
"GSE43974","human","GPL10558","GSM1075720","Kidney_donor_BD_T2_105","reference",NA,"tissue: kidney biopsy; donor type (0=living, 1=bd, 2=nhb): 1; timepoint biopsy: 2; deceased unpaired biopsies: 1; delayed graft function (0=no, 1=yes): 0"
"GSE43974","human","GPL10558","GSM1075722","Kidney_donor_BD_T3_101","injury","DBD_39","tissue: kidney biopsy; donor type (0=living, 1=bd, 2=nhb): 1; timepoint biopsy: 3; deceased paired biopsies: 3; delayed graft function (0=no, 1=yes): 0"
"GSE43974","human","GPL10558","GSM1075723","Kidney_donor_BD_T2_106","reference","DBD_63","tissue: kidney biopsy; donor type (0=living, 1=bd, 2=nhb): 1; timepoint biopsy: 2; deceased paired biopsies: 2; delayed graft function (0=no, 1=yes): 1"
"GSE43974","human","GPL10558","GSM1075724","Kidney_donor_BD_T2_107","reference","DBD_64","tissue: kidney biopsy; donor type (0=living, 1=bd, 2=nhb): 1; timepoint biopsy: 2; deceased paired biopsies: 2; delayed graft function (0=no, 1=yes): 1"
"GSE43974","human","GPL10558","GSM1075725","Kidney_donor_BD_T2_108","reference","DBD_65","tissue: kidney biopsy; donor type (0=living, 1=bd, 2=nhb): 1; timepoint biopsy: 2; deceased paired biopsies: 2; delayed graft function (0=no, 1=yes): 1"
"GSE43974","human","GPL10558","GSM1075729","Kidney_donor_BD_T2_109","reference","DBD_66","tissue: kidney biopsy; donor type (0=living, 1=bd, 2=nhb): 1; timepoint biopsy: 2; deceased paired biopsies: 2; delayed graft function (0=no, 1=yes): 0"
"GSE43974","human","GPL10558","GSM1075731","Kidney_donor_BD_T3_102","injury","DBD_19","tissue: kidney biopsy; donor type (0=living, 1=bd, 2=nhb): 1; timepoint biopsy: 3; deceased paired biopsies: 3; delayed graft function (0=no, 1=yes): 0"
"GSE43974","human","GPL10558","GSM1075732","Kidney_donor_DCD_T2_50","reference",NA,"tissue: kidney biopsy; donor type (0=living, 1=bd, 2=nhb): 2; timepoint biopsy: 2; deceased unpaired biopsies: 1; delayed graft function (0=no, 1=yes): 0"
"GSE43974","human","GPL10558","GSM1075734","Kidney_donor_BD_T2_110","reference","DBD_67","tissue: kidney biopsy; donor type (0=living, 1=bd, 2=nhb): 1; timepoint biopsy: 2; deceased paired biopsies: 2; delayed graft function (0=no, 1=yes): 0"
"GSE43974","human","GPL10558","GSM1075735","Kidney_donor_DCD_T2_51","reference",NA,"tissue: kidney biopsy; donor type (0=living, 1=bd, 2=nhb): 2; timepoint biopsy: 2; deceased unpaired biopsies: 1; delayed graft function (0=no, 1=yes): 1"
"GSE43974","human","GPL10558","GSM1075737","Kidney_donor_DCD_T2_52","reference",NA,"tissue: kidney biopsy; donor type (0=living, 1=bd, 2=nhb): 2; timepoint biopsy: 2; deceased unpaired biopsies: 1; delayed graft function (0=no, 1=yes): 1"
"GSE43974","human","GPL10558","GSM1075738","Kidney_donor_BD_T3_103","injury",NA,"tissue: kidney biopsy; donor type (0=living, 1=bd, 2=nhb): 1; timepoint biopsy: 3; deceased unpaired biopsies: 1; delayed graft function (0=no, 1=yes): 1"
"GSE43974","human","GPL10558","GSM1075739","Kidney_donor_BD_T3_104","injury","DBD_11","tissue: kidney biopsy; donor type (0=living, 1=bd, 2=nhb): 1; timepoint biopsy: 3; deceased paired biopsies: 3; delayed graft function (0=no, 1=yes): 1"
"GSE43974","human","GPL10558","GSM1075740","Kidney_donor_DCD_T2_53","reference",NA,"tissue: kidney biopsy; donor type (0=living, 1=bd, 2=nhb): 2; timepoint biopsy: 2; deceased unpaired biopsies: 1; delayed graft function (0=no, 1=yes): 1"
"GSE43974","human","GPL10558","GSM1075741","Kidney_donor_BD_T3_105","injury","DBD_15","tissue: kidney biopsy; donor type (0=living, 1=bd, 2=nhb): 1; timepoint biopsy: 3; deceased paired biopsies: 3; delayed graft function (0=no, 1=yes): 0"
"GSE126805","human","GPL21290","GSM3613605","sample.kidney_03_baseline_pre","reference","kidney_03","patient: Patient #03; time point: pre"
"GSE126805","human","GPL21290","GSM3613609","sample.kidney_02_baseline_pre","reference","kidney_02","patient: Patient #02; time point: pre"
"GSE126805","human","GPL21290","GSM3613613","sample.kidney_01_baseline_pre","reference","kidney_01","patient: Patient #01; time point: pre"
"GSE126805","human","GPL21290","GSM3613663","sample.kidney_28_baseline_pre","reference","kidney_28","patient: Patient #28; time point: pre"
"GSE126805","human","GPL21290","GSM3613667","sample.kidney_27_baseline_pre","reference","kidney_27","patient: Patient #27; time point: pre"
"GSE126805","human","GPL21290","GSM3613671","sample.kidney_26_baseline_pre","reference","kidney_26","patient: Patient #26; time point: pre"
"GSE126805","human","GPL21290","GSM3613675","sample.kidney_25_baseline_pre","reference","kidney_25","patient: Patient #25; time point: pre"
"GSE126805","human","GPL21290","GSM3613679","sample.kidney_24_baseline_pre","reference","kidney_24","patient: Patient #24; time point: pre"
"GSE126805","human","GPL21290","GSM3613683","sample.kidney_23_baseline_pre","reference","kidney_23","patient: Patient #23; time point: pre"
"GSE126805","human","GPL21290","GSM3613687","sample.kidney_22_baseline_pre","reference","kidney_22","patient: Patient #22; time point: pre"
"GSE126805","human","GPL21290","GSM3613691","sample.kidney_21_baseline_pre","reference","kidney_21","patient: Patient #21; time point: pre"
"GSE126805","human","GPL21290","GSM3613694","sample.kidney_20_baseline_pre","reference","kidney_20","patient: Patient #20; time point: pre"
"GSE126805","human","GPL21290","GSM3613697","sample.kidney_19_baseline_pre","reference","kidney_19","patient: Patient #19; time point: pre"
"GSE126805","human","GPL21290","GSM3613701","sample.kidney_18_baseline_pre","reference","kidney_18","patient: Patient #18; time point: pre"
"GSE126805","human","GPL21290","GSM3613705","sample.kidney_17_baseline_pre","reference","kidney_17","patient: Patient #17; time point: pre"
"GSE126805","human","GPL21290","GSM3613709","sample.kidney_16_baseline_pre","reference","kidney_16","patient: Patient #16; time point: pre"
"GSE126805","human","GPL21290","GSM3613617","sample.kidney_15_baseline_pre","reference","kidney_15","patient: Patient #15; time point: pre"
"GSE126805","human","GPL21290","GSM3613621","sample.kidney_14_baseline_pre","reference","kidney_14","patient: Patient #14; time point: pre"
"GSE126805","human","GPL21290","GSM3613625","sample.kidney_13_baseline_pre","reference","kidney_13","patient: Patient #13; time point: pre"
"GSE126805","human","GPL21290","GSM3613629","sample.kidney_12_baseline_pre","reference","kidney_12","patient: Patient #12; time point: pre"
"GSE126805","human","GPL21290","GSM3613633","sample.kidney_11_baseline_pre","reference","kidney_11","patient: Patient #11; time point: pre"
"GSE126805","human","GPL21290","GSM3613637","sample.kidney_10_baseline_pre","reference","kidney_10","patient: Patient #10; time point: pre"
"GSE126805","human","GPL21290","GSM3613641","sample.kidney_09_baseline_pre","reference","kidney_09","patient: Patient #09; time point: pre"
"GSE126805","human","GPL21290","GSM3613645","sample.kidney_08_baseline_pre","reference","kidney_08","patient: Patient #08; time point: pre"
"GSE126805","human","GPL21290","GSM3613649","sample.kidney_07_baseline_pre","reference","kidney_07","patient: Patient #07; time point: pre"
"GSE126805","human","GPL21290","GSM3613653","sample.kidney_06_baseline_pre","reference","kidney_06","patient: Patient #06; time point: pre"
"GSE126805","human","GPL21290","GSM3613657","sample.kidney_05_baseline_pre","reference","kidney_05","patient: Patient #05; time point: pre"
"GSE126805","human","GPL21290","GSM3613661","sample.kidney_04_baseline_pre","reference","kidney_04","patient: Patient #04; time point: pre"
"GSE126805","human","GPL21290","GSM3613712","sample.kidney_42_baseline_pre","reference","kidney_42","patient: Patient #42; time point: pre"
"GSE126805","human","GPL21290","GSM3613715","sample.kidney_41_baseline_pre","reference","kidney_41","patient: Patient #41; time point: pre"
"GSE126805","human","GPL21290","GSM3613719","sample.kidney_40_baseline_pre","reference","kidney_40","patient: Patient #40; time point: pre"
"GSE126805","human","GPL21290","GSM3613723","sample.kidney_39_baseline_pre","reference","kidney_39","patient: Patient #39; time point: pre"
"GSE126805","human","GPL21290","GSM3613727","sample.kidney_38_baseline_pre","reference","kidney_38","patient: Patient #38; time point: pre"
"GSE126805","human","GPL21290","GSM3613731","sample.kidney_37_baseline_pre","reference","kidney_37","patient: Patient #37; time point: pre"
"GSE126805","human","GPL21290","GSM3613735","sample.kidney_36_baseline_pre","reference","kidney_36","patient: Patient #36; time point: pre"
"GSE126805","human","GPL21290","GSM3613739","sample.kidney_35_baseline_pre","reference","kidney_35","patient: Patient #35; time point: pre"
"GSE126805","human","GPL21290","GSM3613743","sample.kidney_34_baseline_pre","reference","kidney_34","patient: Patient #34; time point: pre"
"GSE126805","human","GPL21290","GSM3613747","sample.kidney_33_baseline_pre","reference","kidney_33","patient: Patient #33; time point: pre"
"GSE126805","human","GPL21290","GSM3613751","sample.kidney_32_baseline_pre","reference","kidney_32","patient: Patient #32; time point: pre"
"GSE126805","human","GPL21290","GSM3613755","sample.kidney_31_baseline_pre","reference","kidney_31","patient: Patient #31; time point: pre"
"GSE126805","human","GPL21290","GSM3613759","sample.kidney_30_baseline_pre","reference","kidney_30","patient: Patient #30; time point: pre"
"GSE126805","human","GPL21290","GSM3613604","sample.kidney_03_baseline_post","injury","kidney_03","patient: Patient #03; time point: post"
"GSE126805","human","GPL21290","GSM3613608","sample.kidney_02_baseline_post","injury","kidney_02","patient: Patient #02; time point: post"
"GSE126805","human","GPL21290","GSM3613612","sample.kidney_01_baseline_post","injury","kidney_01","patient: Patient #01; time point: post"
"GSE126805","human","GPL21290","GSM3613662","sample.kidney_28_baseline_post","injury","kidney_28","patient: Patient #28; time point: post"
"GSE126805","human","GPL21290","GSM3613666","sample.kidney_27_baseline_post","injury","kidney_27","patient: Patient #27; time point: post"
"GSE126805","human","GPL21290","GSM3613670","sample.kidney_26_baseline_post","injury","kidney_26","patient: Patient #26; time point: post"
"GSE126805","human","GPL21290","GSM3613674","sample.kidney_25_baseline_post","injury","kidney_25","patient: Patient #25; time point: post"
"GSE126805","human","GPL21290","GSM3613678","sample.kidney_24_baseline_post","injury","kidney_24","patient: Patient #24; time point: post"
"GSE126805","human","GPL21290","GSM3613682","sample.kidney_23_baseline_post","injury","kidney_23","patient: Patient #23; time point: post"
"GSE126805","human","GPL21290","GSM3613686","sample.kidney_22_baseline_post","injury","kidney_22","patient: Patient #22; time point: post"
"GSE126805","human","GPL21290","GSM3613690","sample.kidney_21_baseline_post","injury","kidney_21","patient: Patient #21; time point: post"
"GSE126805","human","GPL21290","GSM3613693","sample.kidney_20_baseline_post","injury","kidney_20","patient: Patient #20; time point: post"
"GSE126805","human","GPL21290","GSM3613696","sample.kidney_19_baseline_post","injury","kidney_19","patient: Patient #19; time point: post"
"GSE126805","human","GPL21290","GSM3613700","sample.kidney_18_baseline_post","injury","kidney_18","patient: Patient #18; time point: post"
"GSE126805","human","GPL21290","GSM3613704","sample.kidney_17_baseline_post","injury","kidney_17","patient: Patient #17; time point: post"
"GSE126805","human","GPL21290","GSM3613708","sample.kidney_16_baseline_post","injury","kidney_16","patient: Patient #16; time point: post"
"GSE126805","human","GPL21290","GSM3613616","sample.kidney_15_baseline_post","injury","kidney_15","patient: Patient #15; time point: post"
"GSE126805","human","GPL21290","GSM3613620","sample.kidney_14_baseline_post","injury","kidney_14","patient: Patient #14; time point: post"
"GSE126805","human","GPL21290","GSM3613624","sample.kidney_13_baseline_post","injury","kidney_13","patient: Patient #13; time point: post"
"GSE126805","human","GPL21290","GSM3613628","sample.kidney_12_baseline_post","injury","kidney_12","patient: Patient #12; time point: post"
"GSE126805","human","GPL21290","GSM3613632","sample.kidney_11_baseline_post","injury","kidney_11","patient: Patient #11; time point: post"
"GSE126805","human","GPL21290","GSM3613636","sample.kidney_10_baseline_post","injury","kidney_10","patient: Patient #10; time point: post"
"GSE126805","human","GPL21290","GSM3613640","sample.kidney_09_baseline_post","injury","kidney_09","patient: Patient #09; time point: post"
"GSE126805","human","GPL21290","GSM3613644","sample.kidney_08_baseline_post","injury","kidney_08","patient: Patient #08; time point: post"
"GSE126805","human","GPL21290","GSM3613648","sample.kidney_07_baseline_post","injury","kidney_07","patient: Patient #07; time point: post"
"GSE126805","human","GPL21290","GSM3613652","sample.kidney_06_baseline_post","injury","kidney_06","patient: Patient #06; time point: post"
"GSE126805","human","GPL21290","GSM3613656","sample.kidney_05_baseline_post","injury","kidney_05","patient: Patient #05; time point: post"
"GSE126805","human","GPL21290","GSM3613660","sample.kidney_04_baseline_post","injury","kidney_04","patient: Patient #04; time point: post"
"GSE126805","human","GPL21290","GSM3613711","sample.kidney_42_baseline_post","injury","kidney_42","patient: Patient #42; time point: post"
"GSE126805","human","GPL21290","GSM3613714","sample.kidney_41_baseline_post","injury","kidney_41","patient: Patient #41; time point: post"
"GSE126805","human","GPL21290","GSM3613718","sample.kidney_40_baseline_post","injury","kidney_40","patient: Patient #40; time point: post"
"GSE126805","human","GPL21290","GSM3613722","sample.kidney_39_baseline_post","injury","kidney_39","patient: Patient #39; time point: post"
"GSE126805","human","GPL21290","GSM3613726","sample.kidney_38_baseline_post","injury","kidney_38","patient: Patient #38; time point: post"
"GSE126805","human","GPL21290","GSM3613730","sample.kidney_37_baseline_post","injury","kidney_37","patient: Patient #37; time point: post"
"GSE126805","human","GPL21290","GSM3613734","sample.kidney_36_baseline_post","injury","kidney_36","patient: Patient #36; time point: post"
"GSE126805","human","GPL21290","GSM3613738","sample.kidney_35_baseline_post","injury","kidney_35","patient: Patient #35; time point: post"
"GSE126805","human","GPL21290","GSM3613742","sample.kidney_34_baseline_post","injury","kidney_34","patient: Patient #34; time point: post"
"GSE126805","human","GPL21290","GSM3613746","sample.kidney_33_baseline_post","injury","kidney_33","patient: Patient #33; time point: post"
"GSE126805","human","GPL21290","GSM3613750","sample.kidney_32_baseline_post","injury","kidney_32","patient: Patient #32; time point: post"
"GSE126805","human","GPL21290","GSM3613754","sample.kidney_31_baseline_post","injury","kidney_31","patient: Patient #31; time point: post"
"GSE126805","human","GPL21290","GSM3613758","sample.kidney_30_baseline_post","injury","kidney_30","patient: Patient #30; time point: post"
"GSE39548","mouse","GPL7202","GSM971526","kidney_control_1","reference",NA,"strain: C57BL/6; strain: C57BL/6; surgery procedure: none; protection maneuver against iri: none"
"GSE39548","mouse","GPL7202","GSM971527","kidney_control_2","reference",NA,"strain: C57BL/6; surgery procedure: none; protection maneuver against iri: none"
"GSE39548","mouse","GPL7202","GSM971528","kidney_control_3","reference",NA,"strain: C57BL/6; surgery procedure: none; protection maneuver against iri: none"
"GSE39548","mouse","GPL7202","GSM971529","kidney_control_4","reference",NA,"strain: C57BL/6; surgery procedure: none; protection maneuver against iri: none"
"GSE39548","mouse","GPL7202","GSM971530","kidney_IRI_1","injury",NA,"strain: C57BL/6; surgery procedure: IRI; protection maneuver against iri: none"
"GSE39548","mouse","GPL7202","GSM971531","kidney_IRI_2","injury",NA,"strain: C57BL/6; surgery procedure: IRI; protection maneuver against iri: none"
"GSE39548","mouse","GPL7202","GSM971532","kidney_IRI_3","injury",NA,"strain: C57BL/6; surgery procedure: IRI; protection maneuver against iri: none"
"GSE39548","mouse","GPL7202","GSM971533","kidney_IRI_4","injury",NA,"strain: C57BL/6; surgery procedure: IRI; protection maneuver against iri: none"
"GSE98622","mouse","GPL13112","GSM2602030","SHAM4h-R1","reference",NA,"strain: C57BL/6NCrl; tissue: kidney; surgery: sham; time points: 4 hours"
"GSE98622","mouse","GPL13112","GSM2602031","SHAM4h-R2","reference",NA,"strain: C57BL/6NCrl; tissue: kidney; surgery: sham; time points: 4 hours"
"GSE98622","mouse","GPL13112","GSM2602032","SHAM4h-R3","reference",NA,"strain: C57BL/6NCrl; tissue: kidney; surgery: sham; time points: 4 hours"
"GSE98622","mouse","GPL13112","GSM2602033","SHAM24h-R1","reference",NA,"strain: C57BL/6NCrl; tissue: kidney; surgery: sham; time points: 24 hours"
"GSE98622","mouse","GPL13112","GSM2602034","SHAM24h-R2","reference",NA,"strain: C57BL/6NCrl; tissue: kidney; surgery: sham; time points: 24 hours"
"GSE98622","mouse","GPL13112","GSM2602035","SHAM24h-R3","reference",NA,"strain: C57BL/6NCrl; tissue: kidney; surgery: sham; time points: 24 hours"
"GSE98622","mouse","GPL13112","GSM2602039","IRI2h-R1","injury",NA,"strain: C57BL/6NCrl; tissue: kidney; surgery: IRI; time points: 2 hours"
"GSE98622","mouse","GPL13112","GSM2602040","IRI2h-R2","injury",NA,"strain: C57BL/6NCrl; tissue: kidney; surgery: IRI; time points: 2 hours"
"GSE98622","mouse","GPL13112","GSM2602041","IRI2h-R3","injury",NA,"strain: C57BL/6NCrl; tissue: kidney; surgery: IRI; time points: 2 hours"
"GSE98622","mouse","GPL13112","GSM2602042","IRI4h-R1","injury",NA,"strain: C57BL/6NCrl; tissue: kidney; surgery: IRI; time points: 4 hours"
"GSE98622","mouse","GPL13112","GSM2602043","IRI4h-R2","injury",NA,"strain: C57BL/6NCrl; tissue: kidney; surgery: IRI; time points: 4 hours"
"GSE98622","mouse","GPL13112","GSM2602044","IRI4h-R3","injury",NA,"strain: C57BL/6NCrl; tissue: kidney; surgery: IRI; time points: 4 hours"
"GSE98622","mouse","GPL13112","GSM2602045","IRI24h-R1","injury",NA,"strain: C57BL/6NCrl; tissue: kidney; surgery: IRI; time points: 24 hours"
"GSE98622","mouse","GPL13112","GSM2602046","IRI24h-R2","injury",NA,"strain: C57BL/6NCrl; tissue: kidney; surgery: IRI; time points: 24 hours"
"GSE98622","mouse","GPL13112","GSM2602047","IRI24h-R3","injury",NA,"strain: C57BL/6NCrl; tissue: kidney; surgery: IRI; time points: 24 hours"
"GSE98622","mouse","GPL13112","GSM2602048","IRI48h-R1","injury",NA,"strain: C57BL/6NCrl; tissue: kidney; surgery: IRI; time points: 48 hours"
"GSE98622","mouse","GPL13112","GSM2602049","IRI48h-R2","injury",NA,"strain: C57BL/6NCrl; tissue: kidney; surgery: IRI; time points: 48 hours"
"GSE98622","mouse","GPL13112","GSM2602050","IRI48h-R3","injury",NA,"strain: C57BL/6NCrl; tissue: kidney; surgery: IRI; time points: 48 hours"
"GSE98622","mouse","GPL13112","GSM2602051","IRI72h-R1","injury",NA,"strain: C57BL/6NCrl; tissue: kidney; surgery: IRI; time points: 72 hours"
"GSE98622","mouse","GPL13112","GSM2602052","IRI72h-R2","injury",NA,"strain: C57BL/6NCrl; tissue: kidney; surgery: IRI; time points: 72 hours"
"GSE98622","mouse","GPL13112","GSM2602053","IRI72h-R3","injury",NA,"strain: C57BL/6NCrl; tissue: kidney; surgery: IRI; time points: 72 hours"
"GSE34351","mouse","GPL1261","GSM847661","B10 ischemic kidney, biological rep1","injury",NA,"gender: Male; strain: C57BL/10; genotype: WT; tissue: Kidney; surgery: Ischemic; reperfusion time: 4hr"
"GSE34351","mouse","GPL1261","GSM847662","B10 ischemic kidney, biological rep2","injury",NA,"gender: Male; strain: C57BL/10; genotype: WT; tissue: Kidney; surgery: Ischemic; reperfusion time: 4hr"
"GSE34351","mouse","GPL1261","GSM847663","B10 ischemic kidney, biological rep3","injury",NA,"gender: Male; strain: C57BL/10; genotype: WT; tissue: Kidney; surgery: Ischemic; reperfusion time: 4hr"
"GSE34351","mouse","GPL1261","GSM847664","B10 sham kidney, biological rep1","reference",NA,"gender: Male; strain: C57BL/10; genotype: WT; tissue: Kidney; surgery: Sham; reperfusion time: 4hr"
"GSE34351","mouse","GPL1261","GSM847665","B10 sham kidney, biological rep2","reference",NA,"gender: Male; strain: C57BL/10; genotype: WT; tissue: Kidney; surgery: Sham; reperfusion time: 4hr"
"GSE34351","mouse","GPL1261","GSM847666","B10 sham kidney, biological rep3","reference",NA,"gender: Male; strain: C57BL/10; genotype: WT; tissue: Kidney; surgery: Sham; reperfusion time: 4hr"
"GSE27274","rat","GPL6101","GSM674258","Control cortex 1","reference","Control_1","strain: Wistar; age: 3 months; tissue: Kidney cortex; treatment: sham"
"GSE27274","rat","GPL6101","GSM674259","Control cortex 2","reference","Control_2","strain: Wistar; age: 3 months; tissue: Kidney cortex; treatment: sham"
"GSE27274","rat","GPL6101","GSM674260","Control cortex 3","reference","Control_3","strain: Wistar; age: 3 months; tissue: Kidney cortex; treatment: sham"
"GSE27274","rat","GPL6101","GSM674261","Control medulla 1","reference","Control_1","strain: Wistar; age: 3 months; tissue: Kidney medulla; treatment: sham"
"GSE27274","rat","GPL6101","GSM674262","Control medulla 2","reference","Control_2","strain: Wistar; age: 3 months; tissue: Kidney medulla; treatment: sham"
"GSE27274","rat","GPL6101","GSM674263","Control medulla 3","reference","Control_3","strain: Wistar; age: 3 months; tissue: Kidney medulla; treatment: sham"
"GSE27274","rat","GPL6101","GSM674264","6 hours cortex 1","injury","6 hours_1","strain: Wistar; age: 3 months; tissue: Kidney cortex; treatment: 6hr after ischemic-reperfusion injury"
"GSE27274","rat","GPL6101","GSM674265","6 hours cortex 2","injury","6 hours_2","strain: Wistar; age: 3 months; tissue: Kidney cortex; treatment: 6hr after ischemic-reperfusion injury"
"GSE27274","rat","GPL6101","GSM674266","6 hours cortex 3","injury","6 hours_3","strain: Wistar; age: 3 months; tissue: Kidney cortex; treatment: 6hr after ischemic-reperfusion injury"
"GSE27274","rat","GPL6101","GSM674267","6 hours medulla 1","injury","6 hours_1","strain: Wistar; age: 3 months; tissue: Kidney medulla; treatment: 6hr after ischemic-reperfusion injury"
"GSE27274","rat","GPL6101","GSM674268","6 hours medulla 2","injury","6 hours_2","strain: Wistar; age: 3 months; tissue: Kidney medulla; treatment: 6hr after ischemic-reperfusion injury"
"GSE27274","rat","GPL6101","GSM674269","6 hours medulla 3","injury","6 hours_3","strain: Wistar; age: 3 months; tissue: Kidney medulla; treatment: 6hr after ischemic-reperfusion injury"
"GSE27274","rat","GPL6101","GSM674270","24 hours cortex 1","injury","24 hours_1","strain: Wistar; age: 3 months; tissue: Kidney cortex; treatment: 24hr after ischemic-reperfusion injury"
"GSE27274","rat","GPL6101","GSM674271","24 hours cortex 2","injury","24 hours_2","strain: Wistar; age: 3 months; tissue: Kidney cortex; treatment: 24hr after ischemic-reperfusion injury"
"GSE27274","rat","GPL6101","GSM674272","24 hours cortex 3","injury","24 hours_3","strain: Wistar; age: 3 months; tissue: Kidney cortex; treatment: 24hr after ischemic-reperfusion injury"
"GSE27274","rat","GPL6101","GSM674273","24 hours medulla 1","injury","24 hours_1","strain: Wistar; age: 3 months; tissue: Kidney medulla; treatment: 24hr after ischemic-reperfusion injury"
"GSE27274","rat","GPL6101","GSM674274","24 hours medulla 2","injury","24 hours_2","strain: Wistar; age: 3 months; tissue: Kidney medulla; treatment: 24hr after ischemic-reperfusion injury"
"GSE27274","rat","GPL6101","GSM674275","24 hours medulla 3","injury","24 hours_3","strain: Wistar; age: 3 months; tissue: Kidney medulla; treatment: 24hr after ischemic-reperfusion injury"
"GSE27274","rat","GPL6101","GSM674276","120 hours cortex 1","injury","120 hours_1","strain: Wistar; age: 3 months; tissue: Kidney cortex; treatment: 120hr after ischemic-reperfusion injury"
"GSE27274","rat","GPL6101","GSM674277","120 hours cortex 2","injury","120 hours_2","strain: Wistar; age: 3 months; tissue: Kidney cortex; treatment: 120hr after ischemic-reperfusion injury"
"GSE27274","rat","GPL6101","GSM674278","120 hours cortex 3","injury","120 hours_3","strain: Wistar; age: 3 months; tissue: Kidney cortex; treatment: 120hr after ischemic-reperfusion injury"
"GSE27274","rat","GPL6101","GSM674279","120 hours medulla 1","injury","120 hours_1","strain: Wistar; age: 3 months; tissue: Kidney medulla; treatment: 120hr after ischemic-reperfusion injury"
"GSE27274","rat","GPL6101","GSM674280","120 hours medulla 2","injury","120 hours_2","strain: Wistar; age: 3 months; tissue: Kidney medulla; treatment: 120hr after ischemic-reperfusion injury"
"GSE27274","rat","GPL6101","GSM674281","120 hours medulla 3","injury","120 hours_3","strain: Wistar; age: 3 months; tissue: Kidney medulla; treatment: 120hr after ischemic-reperfusion injury"
"GSE58438","rat","GPL11534","GSM1411057","kidney_G01_Control_rep1","reference",NA,"strain: Wister; Sex: male; weight: 200-300g; group: Group 1; injury: No; treatment: Control; time (h): 0; tissue: kidney"
"GSE58438","rat","GPL11534","GSM1411058","kidney_G01_Control_rep2","reference",NA,"strain: Wister; Sex: male; weight: 200-300g; group: Group 1; injury: No; treatment: Control; time (h): 0; tissue: kidney"
"GSE58438","rat","GPL11534","GSM1411059","kidney_G01_Control_rep3","reference",NA,"strain: Wister; Sex: male; weight: 200-300g; group: Group 1; injury: No; treatment: Control; time (h): 0; tissue: kidney"
"GSE58438","rat","GPL11534","GSM1411060","kidney_G01_Control_rep4","reference",NA,"strain: Wister; Sex: male; weight: 200-300g; group: Group 1; injury: No; treatment: Control; time (h): 0; tissue: kidney"
"GSE58438","rat","GPL11534","GSM1411061","kidney_G01_Control_rep5","reference",NA,"strain: Wister; Sex: male; weight: 200-300g; group: Group 1; injury: No; treatment: Control; time (h): 0; tissue: kidney"
"GSE58438","rat","GPL11534","GSM1411062","kidney_G02_injSaline-003h_rep1","injury",NA,"strain: Wister; Sex: male; weight: 200-300g; group: Group 2; injury: Yes; treatment: Saline; time (h): 3; tissue: kidney"
"GSE58438","rat","GPL11534","GSM1411063","kidney_G02_injSaline-003h_rep2","injury",NA,"strain: Wister; Sex: male; weight: 200-300g; group: Group 2; injury: Yes; treatment: Saline; time (h): 3; tissue: kidney"
"GSE58438","rat","GPL11534","GSM1411064","kidney_G02_injSaline-003h_rep3","injury",NA,"strain: Wister; Sex: male; weight: 200-300g; group: Group 2; injury: Yes; treatment: Saline; time (h): 3; tissue: kidney"
"GSE58438","rat","GPL11534","GSM1411065","kidney_G02_injSaline-003h_rep4","injury",NA,"strain: Wister; Sex: male; weight: 200-300g; group: Group 2; injury: Yes; treatment: Saline; time (h): 3; tissue: kidney"
"GSE58438","rat","GPL11534","GSM1411066","kidney_G02_injSaline-003h_rep5","injury",NA,"strain: Wister; Sex: male; weight: 200-300g; group: Group 2; injury: Yes; treatment: Saline; time (h): 3; tissue: kidney"
"GSE58438","rat","GPL11534","GSM1411067","kidney_G03_injSaline-024h_rep1","injury",NA,"strain: Wister; Sex: male; weight: 200-300g; group: Group 3; injury: Yes; treatment: Saline; time (h): 24; tissue: kidney"
"GSE58438","rat","GPL11534","GSM1411068","kidney_G03_injSaline-024h_rep2","injury",NA,"strain: Wister; Sex: male; weight: 200-300g; group: Group 3; injury: Yes; treatment: Saline; time (h): 24; tissue: kidney"
"GSE58438","rat","GPL11534","GSM1411069","kidney_G03_injSaline-024h_rep3","injury",NA,"strain: Wister; Sex: male; weight: 200-300g; group: Group 3; injury: Yes; treatment: Saline; time (h): 24; tissue: kidney"
"GSE58438","rat","GPL11534","GSM1411070","kidney_G03_injSaline-024h_rep4","injury",NA,"strain: Wister; Sex: male; weight: 200-300g; group: Group 3; injury: Yes; treatment: Saline; time (h): 24; tissue: kidney"
"GSE58438","rat","GPL11534","GSM1411071","kidney_G04_injSaline-120h_rep1","injury",NA,"strain: Wister; Sex: male; weight: 200-300g; group: Group 4; injury: Yes; treatment: Saline; time (h): 120; tissue: kidney"
"GSE58438","rat","GPL11534","GSM1411072","kidney_G04_injSaline-120h_rep2","injury",NA,"strain: Wister; Sex: male; weight: 200-300g; group: Group 4; injury: Yes; treatment: Saline; time (h): 120; tissue: kidney"
"GSE58438","rat","GPL11534","GSM1411073","kidney_G04_injSaline-120h_rep3","injury",NA,"strain: Wister; Sex: male; weight: 200-300g; group: Group 4; injury: Yes; treatment: Saline; time (h): 120; tissue: kidney"
"GSE58438","rat","GPL11534","GSM1411074","kidney_G04_injSaline-120h_rep4","injury",NA,"strain: Wister; Sex: male; weight: 200-300g; group: Group 4; injury: Yes; treatment: Saline; time (h): 120; tissue: kidney"
"GSE58438","rat","GPL11534","GSM1411075","kidney_G04_injSaline-120h_rep5","injury",NA,"strain: Wister; Sex: male; weight: 200-300g; group: Group 4; injury: Yes; treatment: Saline; time (h): 120; tissue: kidney"
"GSE148420","rat","GPL14746","GSM4469951","Kidney_sham operation_rep1","reference",NA,"strain: F344 rat; gender: female; age: 10 weeks; tissue: Kidney; operation: Sham operation; sacrifice: 7 days after operation"
"GSE148420","rat","GPL14746","GSM4469952","Kidney_sham operation_rep2","reference",NA,"strain: F344 rat; gender: female; age: 10 weeks; tissue: Kidney; operation: Sham operation; sacrifice: 7 days after operation"
"GSE148420","rat","GPL14746","GSM4469953","Kidney_sham operation_rep3","reference",NA,"strain: F344 rat; gender: female; age: 10 weeks; tissue: Kidney; operation: Sham operation; sacrifice: 7 days after operation"
"GSE148420","rat","GPL14746","GSM4469954","Kidney_sham operation_rep4","reference",NA,"strain: F344 rat; gender: female; age: 10 weeks; tissue: Kidney; operation: Sham operation; sacrifice: 7 days after operation"
"GSE148420","rat","GPL14746","GSM4469955","Kidney_ischemia reperfusion injury_day 3_rep1","injury",NA,"strain: F344 rat; gender: female; age: 10 weeks; tissue: Kidney; operation: unilateral ischemia reperfusion injury (left kidney); sacrifice: 3 days after operation"
"GSE148420","rat","GPL14746","GSM4469956","Kidney_ischemia reperfusion injury_day 3_rep2","injury",NA,"strain: F344 rat; gender: female; age: 10 weeks; tissue: Kidney; operation: unilateral ischemia reperfusion injury (left kidney); sacrifice: 3 days after operation"
"GSE148420","rat","GPL14746","GSM4469957","Kidney_ischemia reperfusion injury_day 3_rep3","injury",NA,"strain: F344 rat; gender: female; age: 10 weeks; tissue: Kidney; operation: unilateral ischemia reperfusion injury (left kidney); sacrifice: 3 days after operation"
"GSE148420","rat","GPL14746","GSM4469958","Kidney_ischemia reperfusion injury_day 3_rep4","injury",NA,"strain: F344 rat; gender: female; age: 10 weeks; tissue: Kidney; operation: unilateral ischemia reperfusion injury (left kidney); sacrifice: 3 days after operation"
"GSE148420","rat","GPL14746","GSM4469959","Kidney_ischemia reperfusion injury_day 7_rep1","injury",NA,"strain: F344 rat; gender: female; age: 10 weeks; tissue: Kidney; operation: unilateral ischemia reperfusion injury (left kidney); sacrifice: 7 days after operation"
"GSE148420","rat","GPL14746","GSM4469960","Kidney_ischemia reperfusion injury_day 7_rep2","injury",NA,"strain: F344 rat; gender: female; age: 10 weeks; tissue: Kidney; operation: unilateral ischemia reperfusion injury (left kidney); sacrifice: 7 days after operation"
"GSE148420","rat","GPL14746","GSM4469961","Kidney_ischemia reperfusion injury_day 7_rep3","injury",NA,"strain: F344 rat; gender: female; age: 10 weeks; tissue: Kidney; operation: unilateral ischemia reperfusion injury (left kidney); sacrifice: 7 days after operation"
"GSE148420","rat","GPL14746","GSM4469962","Kidney_ischemia reperfusion injury_day 7_rep4","injury",NA,"strain: F344 rat; gender: female; age: 10 weeks; tissue: Kidney; operation: unilateral ischemia reperfusion injury (left kidney); sacrifice: 7 days after operation"
